,Utility ID,Utility Name,Plant Code,Plant Name,State,County,Generator ID,Technology,Prime Mover,Unit Code,Ownership,Duct Burners,Can Bypass Heat Recovery Steam Generator?,RTO/ISO LMP Node Designation,RTO/ISO Location Designation for Reporting Wholesale Sales Data to FERC,Nameplate Capacity (MW),Nameplate Power Factor,Summer Capacity (MW),Winter Capacity (MW),Minimum Load (MW),Uprate or Derate Completed During Year,Month Uprate or Derate Completed,Year Uprate or Derate Completed,Status,Synchronized to Transmission Grid,Operating Month,Operating Year,Planned Retirement Month,Planned Retirement Year,Associated with Combined Heat and Power System,Sector Name,Sector,Topping or Bottoming,Energy Source 1,Energy Source 2,Energy Source 3,Energy Source 4,Energy Source 5,Energy Source 6,Startup Source 1,Startup Source 2,Startup Source 3,Startup Source 4,Solid Fuel Gasification System?,Carbon Capture Technology?,Turbines or Hydrokinetic Buoys,Time from Cold Shutdown to Full Load,Fluidized Bed Technology?,Pulverized Coal Technology?,Stoker Technology?,Other Combustion Technology?,Subcritical Technology?,Supercritical Technology?,Ultrasupercritical Technology?,Planned Net Summer Capacity Uprate (MW),Planned Net Winter Capacity Uprate (MW),Planned Uprate Month,Planned Uprate Year,Planned Net Summer Capacity Derate (MW),Planned Net Winter Capacity Derate (MW),Planned Derate Month,Planned Derate Year,Planned New Prime Mover,Planned Energy Source 1,Planned New Nameplate Capacity (MW),Planned Repower Month,Planned Repower Year,Other Planned Modifications?,Other Modifications Month,Other Modifications Year,Multiple Fuels?,Cofire Fuels?,Switch Between Oil and Natural Gas?,Plant Id,Elec Fuel Consumption MMBtu,Net Generation (Megawatthours),Heatrate,predicted_life,original op yr,original op mo,proj retire yr,proj retire mo
0,12384,Midwest Generations EME LLC,384.0,Joliet 29,IL,Will,7,Natural Gas Steam Turbine,ST,,S,X,X,,,660.0,0.9,518,522,120,N, , ,OP,X,4.0,1965.0,9,2023,N,IPP Non-CHP,2.0,X,NG,,,,,,NG,,,,,, ,OVER,,,,,,,, , , ,, , , , ,,, , , ,, , ,N,,,384,7655638,701799.0,10908.590636350295,44.30958333388331,,,2009.0,8.0
1,12384,Midwest Generations EME LLC,384.0,Joliet 29,IL,Will,8,Natural Gas Steam Turbine,ST,,S,X,X,,,660.0,0.9,518,522,120,N, , ,OP,X,3.0,1966.0,9,2023,N,IPP Non-CHP,2.0,X,NG,,,,,,NG,,,,,, ,OVER,,,,,,,, , , ,, , , , ,,, , , ,, , ,N,,,384,7655638,701799.0,10908.590636350295,44.30958333388331,,,2010.0,7.0
2,56609,Calpine Mid-Atlantic Generation LLC,593.0,Edge Moor,DE,New Castle,3,Natural Gas Steam Turbine,ST,,S,X,X,50888,50888,75.0,0.85,86,86,25,N, , ,OP,X,12.0,1954.0, , ,N,IPP Non-CHP,2.0,X,NG,RFO,DFO,,,,NG,DFO,,,N,N, ,OVER,,N,,,N,,, , , ,, , , , ,,, , , ,, , ,Y,Y,Y,593,3506918,292317.003,11996.968920757578,54.185777779753344,,,2009.0,2.0
3,56609,Calpine Mid-Atlantic Generation LLC,593.0,Edge Moor,DE,New Castle,4,Natural Gas Steam Turbine,ST,,S,X,X,50893,50893,176.8,0.85,174,174,50,N, , ,OP,X,4.0,1966.0, , ,N,IPP Non-CHP,2.0,X,NG,RFO,DFO,,,,NG,DFO,,,N,N, ,OVER,,N,,,N,,, , , ,, , , , ,,, , , ,, , ,Y,Y,Y,593,3506918,292317.003,11996.968920757578,49.86777777900001,,,2016.0,2.0
4,56609,Calpine Mid-Atlantic Generation LLC,593.0,Edge Moor,DE,New Castle,5,Natural Gas Steam Turbine,ST,,S,X,X,50894,50894,446.0,0.9,450,450,65,N, , ,OP,X,8.0,1973.0, , ,N,IPP Non-CHP,2.0,X,NG,RFO,DFO,,,,NG,DFO,,,N,N, ,OVER,,,,,,,, , , ,, , , , ,,, , , ,, , ,Y,Y,Y,593,3506918,292317.003,11996.968920757578,45.908999998330025,,,2019.0,7.0
5,9332,Indian River Operations Inc,594.0,Indian River Generating Station,DE,Sussex,4,Conventional Steam Coal,ST,,W,X,X,,,445.5,0.9,410,410,190,N, , ,OP,X,10.0,1980.0,12,2026,N,IPP Non-CHP,2.0,X,BIT,DFO,,,,,DFO,,,,N,N, ,OVER,,Y,,,Y,,, , , ,, , , , ,,, , , ,N, , ,N,N,N,594,4674056,284499.0,16429.077079357045,44.66937963021445,,,2025.0,6.0
6,60421,Brandon Shores LLC,602.0,Brandon Shores,MD,Anne Arundel,1,Conventional Steam Coal,ST,,S,X,X,50659,50659,685.1,0.9,635,635,220,N, , ,OP,X,5.0,1984.0, , ,N,IPP Non-CHP,2.0,X,BIT,,,,,,DFO,,,,N,N, ,OVER,,Y,,,Y,,, , , ,, , , , ,,, , , ,, , ,N,N,N,602,29532579,2470804.983,11952.614311204017,43.03987499961333,,,2027.0,5.0
7,60421,Brandon Shores LLC,602.0,Brandon Shores,MD,Anne Arundel,2,Conventional Steam Coal,ST,,S,X,X,50660,50660,685.1,0.9,638,638,220,N, , ,OP,X,5.0,1991.0, , ,N,IPP Non-CHP,2.0,X,BIT,,,,,,DFO,,,,N,N, ,OVER,,Y,,,Y,,, , , ,, , , , ,,, , , ,, , ,N,N,N,602,29532579,2470804.983,11952.614311204017,43.03987499961333,,,2034.0,5.0
8,59918,Dynegy Kincaid Generation,876.0,Kincaid Generation LLC,IL,Christian,1,Conventional Steam Coal,ST,,S,X,X,PJM,PJM,659.5,0.9,554,554,220,N, , ,OP,X,6.0,1967.0,12,2027,N,IPP Non-CHP,2.0,X,SUB,,,,,,NG,,,,N,N, ,OVER,,N,,Y,Y,,, , , ,, , , , ,,, , , ,, , ,N,N,N,876,45477871,3933110.957,11562.82431317129,40.78037499958501,,,2008.0,3.0
9,59918,Dynegy Kincaid Generation,876.0,Kincaid Generation LLC,IL,Christian,2,Conventional Steam Coal,ST,,S,X,X,PJM,PJM,659.5,0.9,554,554,220,N, , ,OP,X,6.0,1968.0,12,2027,N,IPP Non-CHP,2.0,X,SUB,,,,,,NG,,,,N,N, ,OVER,,N,,Y,Y,,, , , ,, , , , ,,, , , ,, , ,N,N,N,876,45477871,3933110.957,11562.82431317129,40.78037499958501,,,2009.0,3.0
10,12384,Midwest Generations EME LLC,879.0,Powerton,IL,Tazewell,5,Conventional Steam Coal,ST,,S,X,X,,,892.8,0.9,769,769,325,N, , ,OP,X,9.0,1972.0, , ,N,IPP Non-CHP,2.0,X,SUB,NG,BIT,,,,NG,,,,,, ,OVER,,Y,,,,Y,, , , ,, , , , ,,, , , ,, , ,N,,,879,33239260,2701321.971,12304.812368477198,38.405000000466664,,,2011.0,2.0
11,12384,Midwest Generations EME LLC,879.0,Powerton,IL,Tazewell,6,Conventional Steam Coal,ST,,S,X,X,,,892.8,0.9,769,769,325,N, , ,OP,X,12.0,1975.0, , ,N,IPP Non-CHP,2.0,X,SUB,NG,BIT,,,,NG,,,,,, ,OVER,,Y,,,,Y,, , , ,, , , , ,,, , , ,, , ,N,,,879,33239260,2701321.971,12304.812368477198,38.405000000466664,,,2014.0,5.0
12,20824,Village of Winnetka - (IL),972.0,Winnetka,IL,Cook,4,Natural Gas Steam Turbine,ST,,S,X,X,,,9.4,0.8,9.4,9.4,2.4,N, , ,OP,X,1.0,1953.0, , ,N,Electric Utility,1.0,X,NG,DFO,,,,,NG,,,,N,N, ,12H,,,,,,,, , , ,, , , , ,,, , , ,, , ,Y,Y,Y,972,66243,3602.0,18390.616324264298,56.198055554921666,,,2009.0,3.0
13,20824,Village of Winnetka - (IL),972.0,Winnetka,IL,Cook,6,Natural Gas Steam Turbine,ST,,S,X,X,,,6.3,0.8,6.3,6.3,2,N, , ,OP,X,1.0,1948.0, , ,N,Electric Utility,1.0,X,NG,DFO,,,,,NG,,,,N,N, ,12H,,,,,,,, , , ,, , , , ,,, , , ,, , ,Y,Y,Y,972,66243,3602.0,18390.616324264298,56.198055554921666,,,2004.0,3.0
14,20824,Village of Winnetka - (IL),972.0,Winnetka,IL,Cook,7,Natural Gas Steam Turbine,ST,,S,X,X,,,12.5,0.8,12.5,12.5,3.1,N, , ,OP,X,1.0,1960.0, , ,N,Electric Utility,1.0,X,NG,DFO,,,,,NG,,,,N,N, ,12H,,,,,,,, , , ,, , , , ,,, , , ,, , ,Y,Y,Y,972,66243,3602.0,18390.616324264298,56.198055554921666,,,2016.0,3.0
15,9269,Indiana-Kentucky Electric Corp,983.0,Clifty Creek,IN,Jefferson,1,Conventional Steam Coal,ST,,S,X,X,,,217.3,0.83,195.5,199.7,80,N, , ,OP,X,2.0,1955.0, , ,N,Electric Utility,1.0,X,BIT,SUB,,,,,DFO,,,,N,N, ,OVER,,Y,,,Y,,, , , ,, , , , ,,, , , ,, , ,Y,N,N,983,54562428,5034223.015,10838.301727481177,53.32051388927168,,,2008.0,6.0
16,9269,Indiana-Kentucky Electric Corp,983.0,Clifty Creek,IN,Jefferson,2,Conventional Steam Coal,ST,,S,X,X,,,217.3,0.83,195.5,199.7,80,N, , ,OP,X,5.0,1955.0, , ,N,Electric Utility,1.0,X,BIT,SUB,,,,,DFO,,,,N,N, ,OVER,,Y,,,Y,,, , , ,, , , , ,,, , , ,, , ,Y,N,N,983,54562428,5034223.015,10838.301727481177,53.32051388927168,,,2008.0,9.0
17,9269,Indiana-Kentucky Electric Corp,983.0,Clifty Creek,IN,Jefferson,3,Conventional Steam Coal,ST,,S,X,X,,,217.3,0.83,195.5,199.7,80,N, , ,OP,X,7.0,1955.0, , ,N,Electric Utility,1.0,X,BIT,SUB,,,,,DFO,,,,N,N, ,OVER,,Y,,,Y,,, , , ,, , , , ,,, , , ,, , ,Y,N,N,983,54562428,5034223.015,10838.301727481177,53.32051388927168,,,2008.0,11.0
18,9269,Indiana-Kentucky Electric Corp,983.0,Clifty Creek,IN,Jefferson,4,Conventional Steam Coal,ST,,S,X,X,,,217.3,0.83,195.5,199.7,80,N, , ,OP,X,10.0,1955.0, , ,N,Electric Utility,1.0,X,BIT,SUB,,,,,DFO,,,,N,N, ,OVER,,Y,,,Y,,, , , ,, , , , ,,, , , ,, , ,Y,N,N,983,54562428,5034223.015,10838.301727481177,53.32051388927168,,,2009.0,2.0
19,9269,Indiana-Kentucky Electric Corp,983.0,Clifty Creek,IN,Jefferson,5,Conventional Steam Coal,ST,,S,X,X,,,217.3,0.83,195.5,199.7,80,N, , ,OP,X,11.0,1955.0, , ,N,Electric Utility,1.0,X,BIT,SUB,,,,,DFO,,,,N,N, ,OVER,,Y,,,Y,,, , , ,, , , , ,,, , , ,, , ,Y,N,N,983,54562428,5034223.015,10838.301727481177,53.32051388927168,,,2009.0,3.0
20,9269,Indiana-Kentucky Electric Corp,983.0,Clifty Creek,IN,Jefferson,6,Conventional Steam Coal,ST,,S,X,X,,,217.3,0.83,195.5,199.7,80,N, , ,OP,X,3.0,1956.0, , ,N,Electric Utility,1.0,X,BIT,SUB,,,,,DFO,,,,N,N, ,OVER,,Y,,,Y,,, , , ,, , , , ,,, , , ,, , ,Y,N,N,983,54562428,5034223.015,10838.301727481177,53.32051388927168,,,2009.0,7.0
21,15989,City of Richmond - (IN),1040.0,Whitewater Valley,IN,Wayne,1,Conventional Steam Coal,ST,,S,X,X,,,33.0,0.85,34.7,34.7,13,N, , ,OP,X,3.0,1955.0, , ,N,Electric Utility,1.0,X,BIT,,,,,,DFO,,,,N,N, ,12H,,Y,,,Y,,, , , ,, , , , ,,, , , ,, , ,N,N,N,1040,401681,27965.0,14363.704630788485,56.616805555915,,,2011.0,10.0
22,15989,City of Richmond - (IN),1040.0,Whitewater Valley,IN,Wayne,2,Conventional Steam Coal,ST,,S,X,X,,,60.9,0.85,65,65,28,N, , ,OP,X,8.0,1973.0, , ,N,Electric Utility,1.0,X,BIT,,,,,,DFO,,,,N,N,0,12H,,Y,,,Y,,, , , ,, , , , ,,, , , ,, , ,N,N,N,1040,401681,27965.0,14363.704630788485,56.616805555915,,,2030.0,3.0
23,22053,Kentucky Power Co,1353.0,Big Sandy,KY,Lawrence,1,Natural Gas Steam Turbine,ST,,S,X,X,,,280.5,0.85,260,260,100,N, , ,OP,X,1.0,1963.0, , ,N,Electric Utility,1.0,X,NG,,,,,,NG,,,,N,N, ,12H,,N,,,,,, , , ,, , , , ,,, , , ,, , ,N,N,N,1353,5668700,550541.0,10296.599163368395,56.36583333189998,,,2019.0,5.0
24,5580,"East Kentucky Power Coop, Inc",1384.0,Cooper,KY,Pulaski,1,Conventional Steam Coal,ST,,S,X,X,1123180704,88100101,113.6,0.928,116,116,30,N, , ,OP,X,2.0,1965.0, , ,N,Electric Utility,1.0,X,BIT,WDS,,,,,DFO,,,,N,N, ,OVER,,Y,,,Y,,, , , ,, , , , ,,, , , ,, , ,Y,Y,N,1384,5303178,478611.998,11080.32816176915,56.46728373029764,,,2021.0,8.0
25,5580,"East Kentucky Power Coop, Inc",1384.0,Cooper,KY,Pulaski,2,Conventional Steam Coal,ST,,S,X,X,123180705,88100102,230.4,0.938,225,225,100,N, , ,OP,X,10.0,1969.0, , ,N,Electric Utility,1.0,X,BIT,,,,,,DFO,,,,N,N, ,OVER,,Y,,,Y,,, , , ,, , , , ,,, , , ,, , ,N,N,N,1384,5303178,478611.998,11080.32816176915,53.544194444301674,,,2023.0,5.0
26,60422,H.A. Wagner LLC,1554.0,Herbert A Wagner,MD,Anne Arundel,1,Petroleum Liquids,ST,,S,X,X,50689,50689,132.8,0.85,126,126,40,N, , ,OP,X,2.0,1956.0, , ,N,IPP Non-CHP,2.0,X,DFO,,,,,,NG,,,,N,N, ,12H,,,,,,,, , , ,, , , , ,,, , , ,N, , ,Y,N,N,1554,1846553,122746.996,15043.569783166018,57.696805553583346,,,2013.0,10.0
27,60422,H.A. Wagner LLC,1554.0,Herbert A Wagner,MD,Anne Arundel,3,Conventional Steam Coal,ST,,S,X,X,50691,50691,359.0,0.9,305,305,105,N, , ,OP,X,8.0,1966.0, , ,N,IPP Non-CHP,2.0,X,BIT,,,,,,NG,,,,N,N, ,OVER,,Y,,,N,Y,, , , ,, , , , ,,, , , ,, , ,N,,N,1554,1846553,122746.996,15043.569783166018,47.000388887103355,,,2013.0,8.0
28,60422,H.A. Wagner LLC,1554.0,Herbert A Wagner,MD,Anne Arundel,4,Petroleum Liquids,ST,,S,X,X,50692,50692,414.7,0.9,397,397,60,N, , ,OP,X,8.0,1972.0, , ,N,IPP Non-CHP,2.0,X,DFO,,,,,,NG,,,,N,N, ,OVER,,,,,,,, , , ,, , , , ,,, , , ,, , ,N,,N,1554,1846553,122746.996,15043.569783166018,48.47247222102001,,,2021.0,2.0
29,12653,"Lanyard Power Holdings, LLC",1571.0,Chalk Point Power,MD,Prince Georges,3,Natural Gas Steam Turbine,ST,,W,X,X,50817,CHALKPT 24 KV CHLKG3,659.0,0.9,595,614,582,N, , ,OP,X,5.0,1975.0, , ,N,IPP Non-CHP,2.0,X,NG,,,,,,NG,DFO,,,N,, ,OVER,,,,,,,, , , ,, , , , ,,, , , ,, , ,N,N,N,1571,1623503,95344.0,17027.846534653465,44.757275794007356,,,2020.0,2.0
30,12653,"Lanyard Power Holdings, LLC",1571.0,Chalk Point Power,MD,Prince Georges,4,Natural Gas Steam Turbine,ST,,W,X,X,50818,CHALKPT 24 KV CHLKG4,659.0,0.9,585.3,598.2,582,N, , ,OP,X,12.0,1981.0, , ,N,IPP Non-CHP,2.0,X,NG,,,,,,NG,DFO,,,N,, ,OVER,,,,,,,, , , ,, , , , ,,, , , ,, , ,N,N,N,1571,1623503,95344.0,17027.846534653465,44.757275794007356,,,2026.0,9.0
31,61412,Cardinal Operating Company,2828.0,Cardinal,OH,Jefferson,1,Conventional Steam Coal,ST,,W,X,X,40243871,40243871,615.2,0.85,585,595,340,N, , ,OP,X,2.0,1967.0, , ,N,IPP Non-CHP,2.0,X,BIT,,,,,,DFO,,,,N,N, ,OVER,,Y,,,,Y,, , , ,, , , , ,,, , , ,, , ,N,N,N,2828,99021303,10066943.473,9836.282806750594,43.13138888857502,,,2010.0,4.0
32,61412,Cardinal Operating Company,2828.0,Cardinal,OH,Jefferson,2,Conventional Steam Coal,ST,,W,X,X,40243873,40243873,615.2,0.85,585,595,340,N, , ,OP,X,7.0,1967.0, , ,N,IPP Non-CHP,2.0,X,BIT,,,,,,DFO,,,,N,N, ,OVER,,Y,,,,Y,, , , ,, , , , ,,, , , ,, , ,N,N,N,2828,99021303,10066943.473,9836.282806750594,43.13138888857502,,,2010.0,9.0
33,61412,Cardinal Operating Company,2828.0,Cardinal,OH,Jefferson,3,Conventional Steam Coal,ST,,W,X,X,40243869,40243869,650.0,0.9,620,620,400,N, , ,OP,X,9.0,1977.0,12,2028,N,IPP Non-CHP,2.0,X,BIT,,,,,,DFO,,,,N,N, ,OVER,,Y,,,,Y,, , , ,, , , , ,,, , , ,, , ,N,N,N,2828,99021303,10066943.473,9836.282806750594,38.47383333391666,,,2016.0,3.0
34,59919,Luminant Miami Fort,2832.0,Miami Fort,OH,Hamilton,7,Conventional Steam Coal,ST,,S,X,X,,,557.1,0.85,510,510,200,N, , ,OP,X,5.0,1975.0,12,2027,N,IPP Non-CHP,2.0,X,BIT,,,,,,DFO,,,,N,N, ,OVER,,Y,,,Y,,, , , ,, , , , ,,, , , ,N, , ,N,N,N,2832,69981547,6776338.003,10327.340072029758,46.81741666673001,,,2022.0,3.0
35,59919,Luminant Miami Fort,2832.0,Miami Fort,OH,Hamilton,8,Conventional Steam Coal,ST,,S,X,X,,,557.7,0.85,510,510,200,N, , ,OP,X,2.0,1978.0,12,2027,N,IPP Non-CHP,2.0,X,BIT,,,,,,DFO,,,,N,N, ,OVER,,Y,,,Y,,, , , ,, , , , ,,, , , ,N, , ,N,N,N,2832,69981547,6776338.003,10327.340072029758,46.675750000030014,,,2024.0,10.0
36,64226,Energy Harbor Generation LLC,2866.0,W H Sammis,OH,Jefferson,5,Conventional Steam Coal,ST,,S,X,X,SAMMISFE23.4KV SH50,SAMMISFE23.4KV SH50,334.0,0.85,290,290,135,N, , ,OP,X,12.0,1967.0,6,2023,N,IPP Non-CHP,2.0,X,BIT,SUB,,,,,DFO,,,,N,N, ,OVER,,Y,,,Y,,, , , ,, , , , ,,, , , ,, , ,Y,,,2866,53705320,4655827.958,11535.073994244012,45.446807540031394,,,2013.0,5.0
37,64226,Energy Harbor Generation LLC,2866.0,W H Sammis,OH,Jefferson,6,Conventional Steam Coal,ST,,S,X,X,SAMMISFE19KV SH60,SAMMISFE 19KV SH60,680.0,0.85,600,600,400,N, , ,OP,X,4.0,1969.0,6,2023,N,IPP Non-CHP,2.0,X,BIT,SUB,,,,,DFO,,,,N,N, ,OVER,,Y,,,,Y,, , , ,, , , , ,,, , , ,, , ,Y,,,2866,53705320,4655827.958,11535.073994244012,39.528222222334996,,,2008.0,10.0
38,64226,Energy Harbor Generation LLC,2866.0,W H Sammis,OH,Jefferson,7,Conventional Steam Coal,ST,,S,X,X,SAMMISFE19 KV SH70,SAMMISFE19KV SH70,680.0,0.85,600,600,400,N, , ,OP,X,9.0,1971.0,6,2023,N,IPP Non-CHP,2.0,X,BIT,SUB,,,,,DFO,,,,N,N, ,OVER,,Y,,,,Y,, , , ,, , , , ,,, , , ,, , ,Y,,,2866,53705320,4655827.958,11535.073994244012,39.528222222334996,,,2011.0,3.0
39,14015,Ohio Valley Electric Corp,2876.0,Kyger Creek,OH,Gallia,1,Conventional Steam Coal,ST,,S,X,X,,,217.3,0.83,194,198.7,80,N, , ,OP,X,2.0,1955.0, , ,N,Electric Utility,1.0,X,BIT,SUB,,,,,DFO,,,,N,N, ,OVER,,Y,,,Y,,, , , ,, , , , ,,, , , ,, , ,Y,N,N,2876,54228373,5034280.958,10771.820931810616,60.398498015757134,,,2015.0,7.0
40,14015,Ohio Valley Electric Corp,2876.0,Kyger Creek,OH,Gallia,2,Conventional Steam Coal,ST,,S,X,X,,,217.3,0.83,192.2,198,80,N, , ,OP,X,6.0,1955.0, , ,N,Electric Utility,1.0,X,BIT,SUB,,,,,DFO,,,,N,N, ,OVER,,Y,,,Y,,, , , ,, , , , ,,, , , ,, , ,Y,N,N,2876,54228373,5034280.958,10771.820931810616,60.398498015757134,,,2015.0,11.0
41,14015,Ohio Valley Electric Corp,2876.0,Kyger Creek,OH,Gallia,3,Conventional Steam Coal,ST,,S,X,X,,,217.3,0.83,192.2,198,80,N, , ,OP,X,9.0,1955.0, , ,N,Electric Utility,1.0,X,BIT,SUB,,,,,DFO,,,,N,N, ,OVER,,Y,,,Y,,, , , ,, , , , ,,, , , ,, , ,Y,N,N,2876,54228373,5034280.958,10771.820931810616,60.398498015757134,,,2016.0,2.0
42,14015,Ohio Valley Electric Corp,2876.0,Kyger Creek,OH,Gallia,4,Conventional Steam Coal,ST,,S,X,X,,,217.3,0.83,192.2,198,80,N, , ,OP,X,11.0,1955.0, , ,N,Electric Utility,1.0,X,BIT,SUB,,,,,DFO,,,,N,N, ,OVER,,Y,,,Y,,, , , ,, , , , ,,, , , ,, , ,Y,N,N,2876,54228373,5034280.958,10771.820931810616,60.398498015757134,,,2016.0,4.0
43,14015,Ohio Valley Electric Corp,2876.0,Kyger Creek,OH,Gallia,5,Conventional Steam Coal,ST,,S,X,X,,,217.3,0.83,192.2,198,80,N, , ,OP,X,12.0,1955.0, , ,N,Electric Utility,1.0,X,BIT,SUB,,,,,DFO,,,,N,N, ,OVER,,Y,,,Y,,, , , ,, , , , ,,, , , ,, , ,Y,N,N,2876,54228373,5034280.958,10771.820931810616,60.398498015757134,,,2016.0,5.0
44,62031,"Walleye Power, LLC ",2878.0,FirstEnergy Bay Shore,OH,Lucas,1,Petroleum Coke,ST,,W,X,X,BAYSHOR218 KV BS10,BAYSHOR218 KV BS10,171.0,0.88,138.3,136.9,90,N, , ,OP,X,8.0,1955.0, , ,Y,IPP CHP,3.0,T,PC,BIT,,,,,DFO,,,,N,N, ,OVER,Y,N,,,Y,,, , , ,, , , , ,,, , , ,, , ,Y,Y,N,2878,12519669,974210.005,12851.098773102827,53.80984722330833,,,2009.0,6.0
45,5336,City of Dover - (OH),2914.0,Dover,OH,Tuscarawas,3,Conventional Steam Coal,ST,,S,X,X,,,8.0,0.89,8,8,4,N, , ,SB,N,1.0,1954.0, , ,N,Electric Utility,1.0,X,BIT,,,,,,NG,,,,N,N, ,12H,,,Y,,Y,,, , , ,, , , , ,,, , , ,, , ,N,N,N,2914,945097,57661.0,16390.57595255025,55.874166665095,,,2009.0,11.0
46,5336,City of Dover - (OH),2914.0,Dover,OH,Tuscarawas,4,Conventional Steam Coal,ST,,S,X,X,,,19.5,0.89,15.2,15.2,7,N, , ,OP,X,6.0,1968.0, , ,N,Electric Utility,1.0,X,BIT,,,,,,NG,,,,N,N, ,12H,,,Y,,Y,,, , , ,, , , , ,,, , , ,, , ,N,N,,2914,945097,57661.0,16390.57595255025,55.874166665095,,,2024.0,4.0
47,14194,City of Orrville - (OH),2935.0,Orrville,OH,Wayne,10,Conventional Steam Coal,ST,,S,X,X,,,25.0,0.8,23,23,7,N, , ,OP,X,1.0,1971.0, , ,N,Electric Utility,1.0,X,BIT,NG,,,,,NG,,,,N,N, ,12H,,Y,,,Y,,, , , ,, , , , ,,, , , ,, , ,Y,N,N,2935,453298,27303.0,16602.497894004322,55.37680555411166,,,2026.0,6.0
48,14194,City of Orrville - (OH),2935.0,Orrville,OH,Wayne,11,Natural Gas Steam Turbine,ST,,S,X,X,,,25.0,0.8,23,23,7,N, , ,OP,X,1.0,1971.0, , ,N,Electric Utility,1.0,X,NG,,,,,,NG,,,,N,N, ,12H,,,,,,,, , , ,, , , , ,,, , , ,, , ,N,N,N,2935,453298,27303.0,16602.497894004322,55.37680555411166,,,2026.0,6.0
49,14194,City of Orrville - (OH),2935.0,Orrville,OH,Wayne,7,Conventional Steam Coal,ST,,S,X,X,,,5.0,0.85,5,5,1,N, , ,OS,X,1.0,1949.0, , ,N,Electric Utility,1.0,X,BIT,,,,,,WDS,,,,N,N, ,12H,,,Y,,Y,,, , , ,, , , , ,,, , , ,, , ,N,N,N,2935,453298,27303.0,16602.497894004322,55.37680555411166,,,2004.0,6.0
50,14194,City of Orrville - (OH),2935.0,Orrville,OH,Wayne,8,Conventional Steam Coal,ST,,S,X,X,,,7.5,0.85,7.5,7.5,2,N, , ,OS,X,1.0,1955.0, , ,N,Electric Utility,1.0,X,BIT,,,,,,WDS,,,,N,N, ,12H,,,Y,,Y,,, , , ,, , , , ,,, , , ,, , ,N,N,N,2935,453298,27303.0,16602.497894004322,55.37680555411166,,,2010.0,6.0
51,14194,City of Orrville - (OH),2935.0,Orrville,OH,Wayne,9,Conventional Steam Coal,ST,,S,X,X,,,22.0,0.85,20,20,7,N, , ,OP,X,1.0,1961.0, , ,N,Electric Utility,1.0,X,BIT,NG,,,,,NG,,,,N,N, ,12H,,Y,,,Y,,, , , ,, , , , ,,, , , ,, , ,Y,N,N,2935,453298,27303.0,16602.497894004322,55.37680555411166,,,2016.0,6.0
52,14381,City of Painesville,2936.0,Painesville,OH,Lake,3,Conventional Steam Coal,ST,,S,X,X,Painesville,Painesville,7.5,0.8,7,7,2.5,N, , ,SB,Y,1.0,1953.0, , ,N,Electric Utility,1.0,X,BIT,NG,,,,,NG,,,,N,N, ,OVER,,,Y,,Y,,, , , ,, , , , ,,, , , ,, , ,Y,Y,N,2936,16111,884.0,18225.113122171944,56.007777777154985,,,2009.0,1.0
53,14381,City of Painesville,2936.0,Painesville,OH,Lake,5,Conventional Steam Coal,ST,,S,X,X,Painesville,Painesville,16.5,0.85,15.5,15.5,5.5,N, , ,OP,X,1.0,1965.0, , ,N,Electric Utility,1.0,X,BIT,NG,,,,,NG,,,,N,N, ,OVER,,Y,,,Y,,, , , ,, , , , ,,, , , ,, , ,Y,Y,N,2936,16111,884.0,18225.113122171944,56.007777777154985,,,2021.0,1.0
54,14381,City of Painesville,2936.0,Painesville,OH,Lake,7,Conventional Steam Coal,ST,,S,X,X,Painesville,Painesville,22.0,1,17.5,17.5,6,N, , ,OP,X,2.0,1990.0, , ,N,Electric Utility,1.0,X,BIT,NG,,,,,NG,,,,N,N, ,OVER,,Y,,,Y,,, , , ,, , , , ,,, , , ,N, , ,Y,Y,N,2936,16111,884.0,18225.113122171944,56.007777777154985,,,2046.0,2.0
55,14381,City of Painesville,2936.0,Painesville,OH,Lake,ST2,Conventional Steam Coal,ST,,S,X,X,Painesville,Painesville,7.5,0.8,7,7,2.5,N, , ,SB,Y,1.0,1949.0, , ,N,Electric Utility,1.0,X,BIT,NG,,,,,NG,,,,N,N, ,OVER,,,Y,,Y,,, , , ,, , , , ,,, , , ,N, , ,Y,Y,N,2936,16111,884.0,18225.113122171944,56.007777777154985,,,2005.0,1.0
56,63047,KeyCon Operating LLC,3118.0,Conemaugh,PA,Indiana,1,Conventional Steam Coal,ST,,J,X,X,50769,50769,975.5,0.9,850,850,325,N, , ,OP,X,5.0,1970.0, , ,N,IPP Non-CHP,2.0,X,BIT,NG,,,,,NG,,,,N,, ,OVER,,Y,,,,Y,, , , ,, , , , ,,, , , ,, , ,Y,Y,N,3118,74247169,7262970.973,10222.699398911669,43.368959325956794,,,2013.0,9.0
57,63047,KeyCon Operating LLC,3118.0,Conemaugh,PA,Indiana,2,Conventional Steam Coal,ST,,J,X,X,50770,50770,975.5,0.9,850,850,325,N, , ,OP,X,5.0,1971.0, , ,N,IPP Non-CHP,2.0,X,BIT,NG,,,,,NG,,,,N,, ,OVER,,Y,,,,Y,, , , ,, , , , ,,, , , ,, , ,Y,Y,N,3118,74247169,7262970.973,10222.699398911669,43.368959325956794,,,2014.0,9.0
58,58615,NRG Homer City Services LLC,3122.0,Homer City Generating Station,PA,Indiana,1,Conventional Steam Coal,ST,,J,X,X,51230,,660.0,0.9,626.1,631.2,285,N, , ,OP,X,6.0,1969.0,11,2023,N,IPP Non-CHP,2.0,X,BIT,,,,,,DFO,,,,N,N, ,OVER,,Y,,,,Y,, , , ,, , , , ,,, , , ,, , ,N,N,N,3122,48140502,4436635.978999999,10850.676554908767,43.28958333401666,,,2012.0,9.0
59,58615,NRG Homer City Services LLC,3122.0,Homer City Generating Station,PA,Indiana,2,Conventional Steam Coal,ST,,J,X,X,51231,,660.0,0.9,613.3,618.5,290,N, , ,OP,X,8.0,1969.0,8,2023,N,IPP Non-CHP,2.0,X,BIT,,,,,,DFO,,,,N,N, ,OVER,,Y,,,,Y,, , , ,, , , , ,,, , , ,, , ,N,N,N,3122,48140502,4436635.978999999,10850.676554908767,43.28958333401666,,,2012.0,11.0
60,58615,NRG Homer City Services LLC,3122.0,Homer City Generating Station,PA,Indiana,3,Conventional Steam Coal,ST,,J,X,X,51232,,692.0,0.95,648.9,665.4,300,N, , ,OP,X,11.0,1977.0,7,2023,N,IPP Non-CHP,2.0,X,BIT,,,,,,DFO,,,,N,N, ,OVER,,Y,,,Y,N,, , , ,, , , , ,,, , , ,, , ,N,N,N,3122,48140502,4436635.978999999,10850.676554908767,44.193583334216655,,,2022.0,1.0
61,61781,Seward Generating LLC,3130.0,Seward (PA),PA,Indiana,FB1,Conventional Steam Coal,ST,,W,X,X,21601799,21601799,585.0,0.9,521,521,200,N, , ,OP,X,11.0,2004.0, , ,N,IPP Non-CHP,2.0,X,WC,DFO,,,,,DFO,,,,N,N, ,OVER,Y,,,,Y,,, , , ,, , , , ,,, , , ,, , ,Y,N,N,3130,31381319,2858731.024,10977.3597923496,44.41133333295335,,,2049.0,4.0
62,63044,"Shawville Power, LLC",3131.0,Shawville,PA,Clearfield,1,Natural Gas Steam Turbine,ST,,S,X,X,50796,SHAWVILLE 18 KV UNIT 1,125.0,0.8,122.3,122,30,N, , ,OP,X,8.0,1954.0, , ,N,IPP Non-CHP,2.0,X,NG,,,,,,NG,DFO,,,N,N, ,OVER,,,,,,,, , , ,, , , , ,,, , , ,, , ,N,,N,3131,7376132,634878.0,11618.188061328317,50.38334523750022,,,2005.0,1.0
63,63044,"Shawville Power, LLC",3131.0,Shawville,PA,Clearfield,2,Natural Gas Steam Turbine,ST,,S,X,X,50797,SHAWVILLE 18 KV UNIT 2,125.0,0.8,124.7,124.7,31,N, , ,OP,X,3.0,1954.0, , ,N,IPP Non-CHP,2.0,X,NG,,,,,,NG,DFO,,,N,N, ,OVER,,,,,,,, , , ,, , , , ,,, , , ,, , ,N,,N,3131,7376132,634878.0,11618.188061328317,50.38334523750022,,,2004.0,8.0
64,63044,"Shawville Power, LLC",3131.0,Shawville,PA,Clearfield,3,Natural Gas Steam Turbine,ST,,S,X,X,50798,SHAWVILLE 18 KV UNIT 3,188.0,0.85,174,172,59,N, , ,OP,X,12.0,1959.0, , ,N,IPP Non-CHP,2.0,X,NG,,,,,,NG,DFO,,,N,N, ,OVER,,,,,,,, , , ,, , , , ,,, , , ,, , ,N,,N,3131,7376132,634878.0,11618.188061328317,48.51571825407571,,,2008.0,6.0
65,63044,"Shawville Power, LLC",3131.0,Shawville,PA,Clearfield,4,Natural Gas Steam Turbine,ST,,S,X,X,50799,SHAWVILLE 18 KV UNIT 4,188.0,0.85,175,171,59,N, , ,OP,X,4.0,1960.0, , ,N,IPP Non-CHP,2.0,X,NG,,,,,,NG,DFO,,,N,N, ,OVER,,,,,,,, , , ,, , , , ,,, , , ,, , ,N,,N,3131,7376132,634878.0,11618.188061328317,48.51571825407571,,,2008.0,10.0
66,63047,KeyCon Operating LLC,3136.0,Keystone,PA,Armstrong,1,Conventional Steam Coal,ST,,J,X,X,50781,50781,936.0,0.9,850,850,350,N, , ,OP,X,8.0,1967.0, , ,N,IPP Non-CHP,2.0,X,BIT,DFO,,,,,DFO,,,,N,N, ,OVER,,Y,,,,Y,, , , ,, , , , ,,, , , ,, , ,Y,Y,N,3136,77710795,7415481.038000001,10479.53525897749,36.66869841382616,,,2004.0,4.0
67,63047,KeyCon Operating LLC,3136.0,Keystone,PA,Armstrong,2,Conventional Steam Coal,ST,,J,X,X,50782,50782,936.0,0.9,850,850,350,N, , ,OP,X,7.0,1968.0, , ,N,IPP Non-CHP,2.0,X,BIT,DFO,,,,,DFO,,,,N,N, ,OVER,,Y,,,,Y,, , , ,, , , , ,,, , , ,, , ,Y,Y,N,3136,77710795,7415481.038000001,10479.53525897749,36.66869841382616,,,2005.0,3.0
68,63031,"New Castle Power, LLC",3138.0,New Castle Plant,PA,Lawrence,3,Natural Gas Steam Turbine,ST,,S,X,X,98370489,NEWCASOE 14 KV G3,98.0,0.85,92.3,93,20,N, , ,OP,X,9.0,1952.0, , ,N,IPP Non-CHP,2.0,X,NG,,,,,,NG,,,,N,N, ,12H,,,,,,,, , , ,, , , , ,,, , , ,, , ,N,,,3138,3807178,297574.0,12794.054588102455,61.50413888917332,,,2014.0,3.0
69,63031,"New Castle Power, LLC",3138.0,New Castle Plant,PA,Lawrence,4,Natural Gas Steam Turbine,ST,,S,X,X,98370491,NEWCASOE 14 KV G4,114.0,0.85,93,92,25,N, , ,OP,X,8.0,1958.0, , ,N,IPP Non-CHP,2.0,X,NG,,,,,,NG,,,,N,N, ,12H,,,,,,,, , , ,, , , , ,,, , , ,, , ,N,,,3138,3807178,297574.0,12794.054588102455,59.41190277756998,,,2018.0,1.0
70,63031,"New Castle Power, LLC",3138.0,New Castle Plant,PA,Lawrence,5,Natural Gas Steam Turbine,ST,,S,X,X,98370487,NEWCASOE 14 KV G5,136.0,0.85,141,135,35,N, , ,OP,X,6.0,1964.0, , ,N,IPP Non-CHP,2.0,X,NG,,,,,,NG,,,,N,N, ,12H,,,,,,,, , , ,, , , , ,,, , , ,, , ,N,,,3138,3807178,297574.0,12794.054588102455,59.49124999963331,,,2023.0,12.0
71,15537,Brunner Island LLC,3140.0,Brunner Island,PA,York,1,Natural Gas Steam Turbine,ST,,S,X,X,50578,50578,363.3,0.9,306,306,122,N, , ,OP,X,5.0,1961.0, , ,N,IPP Non-CHP,2.0,X,NG,BIT,,,,,DFO,NG,,,N,N, ,OVER,,Y,,,Y,,, , , ,, , , , ,,, , , ,N, , ,Y,Y,N,3140,28487676,2518536.0360000003,11311.204442897237,43.36972222048338,,,2004.0,9.0
72,15537,Brunner Island LLC,3140.0,Brunner Island,PA,York,2,Natural Gas Steam Turbine,ST,,S,X,X,50579,50579,405.0,0.9,363,363,126,N, , ,OP,X,9.0,1965.0, , ,N,IPP Non-CHP,2.0,X,NG,BIT,,,,,DFO,NG,,,N,N, ,OVER,,Y,,,Y,,, , , ,, , , , ,,, , , ,N, , ,Y,Y,N,3140,28487676,2518536.0360000003,11311.204442897237,45.761625,,,2011.0,6.0
73,15537,Brunner Island LLC,3140.0,Brunner Island,PA,York,3,Natural Gas Steam Turbine,ST,,S,X,X,50581,50581,847.8,0.97,742,742,365,N, , ,OP,X,6.0,1969.0, , ,N,IPP Non-CHP,2.0,X,NG,BIT,,,,,DFO,NG,,,N,N, ,OVER,,Y,,,N,Y,, , , ,, , , , ,,, , , ,N, , ,Y,Y,N,3140,28487676,2518536.0360000003,11311.204442897237,34.06058333281667,,,2003.0,7.0
74,15276,TalenEnergy Martins Creek LLC,3148.0,TalenEnergy Martins Creek,PA,Northampton,3,Natural Gas Steam Turbine,ST,,W,X,X,50621,50621,850.5,0.9,850,850,165,N, , ,OP,X,10.0,1975.0, , ,N,IPP Non-CHP,2.0,X,NG,RFO,DFO,,,,NG,,,,N,N, ,OVER,,,,,,,, , , ,, , , , ,,, , , ,, , ,Y,Y,Y,3148,4639721,345051.001,13446.478887334108,39.24666666670001,,,2015.0,1.0
75,15276,TalenEnergy Martins Creek LLC,3148.0,TalenEnergy Martins Creek,PA,Northampton,4,Natural Gas Steam Turbine,ST,,W,X,X,50622,50622,850.5,0.9,850,850,165,N, , ,OP,X,3.0,1977.0, , ,N,IPP Non-CHP,2.0,X,NG,RFO,DFO,,,,NG,,,,N,N, ,OVER,,,,,,,, , , ,, , , , ,,, , , ,, , ,Y,Y,Y,3148,4639721,345051.001,13446.478887334108,39.24666666670001,,,2016.0,6.0
76,15534,TalenEnergy Montour LLC,3149.0,TalenEnergy Montour,PA,Montour,1,Conventional Steam Coal,ST,,S,X,X,50628,50628,864.9,0.93,752,752,338,N, , ,OP,X,3.0,1972.0, , ,N,IPP Non-CHP,2.0,X,BIT,DFO,,,,,DFO,,,,N,N, ,OVER,,Y,,,,Y,, , , ,, , , , ,,, , , ,Y,6,2023,Y,Y,N,3149,13347851,1260335.001,10590.716745475833,38.24755555656665,,,2010.0,6.0
77,15534,TalenEnergy Montour LLC,3149.0,TalenEnergy Montour,PA,Montour,2,Conventional Steam Coal,ST,,S,X,X,50629,50629,893.0,0.94,752,752,342,N, , ,OP,X,4.0,1973.0, , ,N,IPP Non-CHP,2.0,X,BIT,DFO,,,,,DFO,,,,N,N, ,OVER,,Y,,,,Y,, , , ,, , , , ,,, , , ,Y,4,2023,Y,Y,N,3149,13347851,1260335.001,10590.716745475833,36.1986666681833,,,2009.0,6.0
78,6035,"Constellation Power, Inc",3161.0,Eddystone Generating Station,PA,Delaware,3,Natural Gas Steam Turbine,ST,,S,X,X,EDDYSTON20 KV   UNIT03,EDDYSTON20 KV   UNIT03,391.0,0.85,380,380,50,N, , ,OP,X,9.0,1974.0, , ,N,IPP Non-CHP,2.0,X,NG,DFO,,,,,DFO,NG,,,N,N, ,OVER,,,,,,,, , , ,, , , , ,,, , , ,, , ,Y,Y,Y,3161,278404,16313.0,17066.388769692883,49.21597222035001,,,2023.0,12.0
79,6035,"Constellation Power, Inc",3161.0,Eddystone Generating Station,PA,Delaware,4,Natural Gas Steam Turbine,ST,,S,X,X,EDDYSTON20 KV   UNIT04,EDDYSTON20 KV   UNIT04,391.0,0.85,380,380,50,N, , ,OP,X,6.0,1976.0, , ,N,IPP Non-CHP,2.0,X,NG,DFO,,,,,DFO,NG,,,N,N, ,OVER,,,,,,,, , , ,, , , , ,,, , , ,, , ,Y,Y,Y,3161,278404,16313.0,17066.388769692883,49.21597222035001,,,2025.0,9.0
80,733,Appalachian Power Co,3775.0,Clinch River,VA,Russell,1,Natural Gas Steam Turbine,ST,,S,X,X,,,237.5,0.8,230,235,60,N, , ,OP,X,9.0,1958.0, , ,N,Electric Utility,1.0,X,NG,,,,,,NG,,,,N,N, ,12H,,N,,,N,,, , , ,, , , , ,,, , , ,, , ,N,N,N,3775,1622650,133136.0,12187.91311140488,54.87331944538833,,,2013.0,7.0
81,733,Appalachian Power Co,3775.0,Clinch River,VA,Russell,2,Natural Gas Steam Turbine,ST,,S,X,X,,,237.5,0.8,230,235,60,N, , ,OP,X,12.0,1958.0, , ,N,Electric Utility,1.0,X,NG,,,,,,NG,,,,N,N, ,12H,,N,,,N,,, , , ,, , , , ,,, , , ,, , ,N,N,N,3775,1622650,133136.0,12187.91311140488,54.87331944538833,,,2013.0,10.0
82,19876,Virginia Electric & Power Co,3797.0,Chesterfield,VA,Chesterfield,5,Conventional Steam Coal,ST,,S,X,X,,,359.0,0.85,336,342,186,N, , ,OP,X,8.0,1964.0,5,2023,N,Electric Utility,1.0,X,BIT,DFO,,,,,DFO,,,,N,, ,OVER,,Y,,,Y,,, , , ,, , , , ,,, , , ,, , ,Y,,,3797,11211557,1089341.9540000001,10292.04554073385,54.93999999909999,,,2019.0,7.0
83,19876,Virginia Electric & Power Co,3797.0,Chesterfield,VA,Chesterfield,6,Conventional Steam Coal,ST,,S,X,X,,,693.9,0.9,670,690,400,N, , ,OP,X,12.0,1969.0,5,2023,N,Electric Utility,1.0,X,BIT,DFO,,,,,DFO,,,,N,, ,OVER,,Y,,,Y,,, , , ,, , , , ,,, , , ,, , ,Y,,,3797,11211557,1089341.9540000001,10292.04554073385,48.5933075407583,,,2018.0,7.0
84,19876,Virginia Electric & Power Co,3809.0,Yorktown,VA,York,3,Petroleum Liquids,ST,,S,X,X,,,882.0,0.9,790,792,190,N, , ,OP,X,12.0,1974.0,5,2023,N,Electric Utility,1.0,X,RFO,,,,,,NG,DFO,,,,, ,OVER,,,,,,,, , , ,, , , , ,,, , , ,, , ,N,,N,3809,697952,49228.0,14177.947509547412,39.204166666800006,,,2014.0,2.0
85,733,Appalachian Power Co,3935.0,John E Amos,WV,Putnam,1,Conventional Steam Coal,ST,,S,X,X,,,816.3,0.9,800,800,300,N, , ,OP,X,9.0,1971.0, , ,N,Electric Utility,1.0,X,BIT,,,,,,DFO,,,,N,N, ,12H,,Y,,,,Y,, , , ,, , , , ,,, , , ,, , ,N,N,N,3935,118467716,12011110.982,9863.177201304457,40.06207737982241,,,2011.0,10.0
86,733,Appalachian Power Co,3935.0,John E Amos,WV,Putnam,2,Conventional Steam Coal,ST,,S,X,X,,,816.3,0.9,800,800,300,N, , ,OP,X,6.0,1972.0, , ,N,Electric Utility,1.0,X,BIT,,,,,,DFO,,,,N,N, ,12H,,Y,,,,Y,, , , ,, , , , ,,, , , ,, , ,N,N,N,3935,118467716,12011110.982,9863.177201304457,40.06207737982241,,,2012.0,7.0
87,733,Appalachian Power Co,3935.0,John E Amos,WV,Putnam,3,Conventional Steam Coal,ST,,S,X,X,,,1300.0,0.9,1300,1299,600,N, , ,OP,X,10.0,1973.0, , ,N,Electric Utility,1.0,X,BIT,,,,,,DFO,,,,N,N, ,12H,,Y,,,,Y,, , , ,, , , , ,,, , , ,, , ,N,N,N,3935,118467716,12011110.982,9863.177201304457,35.159702383519,,,2008.0,12.0
88,12796,Monongahela Power Co,3943.0,FirstEnergy Fort Martin Power Station,WV,Monongalia,1,Conventional Steam Coal,ST,,S,X,X,FTMARTIN22KV GEN 1,FTMARTIN22KV GEN 1,576.0,0.9,552,552,220,N, , ,OP,X,10.0,1967.0, , ,N,Electric Utility,1.0,X,BIT,DFO,,,,,DFO,,,,N,N, ,12H,,Y,,,,Y,, , , ,, , , , ,,, , , ,, , ,N,N,N,3943,56896146,5208497.988,10923.714693004506,47.736499999966654,,,2015.0,7.0
89,12796,Monongahela Power Co,3943.0,FirstEnergy Fort Martin Power Station,WV,Monongalia,2,Conventional Steam Coal,ST,,S,X,X,FTMARTIN22KV GEN 2,FTMARTIN22KV GEN 2,576.0,0.9,546,546,220,N, , ,OP,X,12.0,1968.0, , ,N,Electric Utility,1.0,X,BIT,DFO,,,,,DFO,,,,N,N, ,12H,,Y,,,,Y,, , , ,, , , , ,,, , , ,, , ,N,N,N,3943,56896146,5208497.988,10923.714693004506,47.736499999966654,,,2016.0,9.0
90,12796,Monongahela Power Co,3944.0,FirstEnergy Harrison Power Station,WV,Harrison,1,Conventional Steam Coal,ST,,S,X,X,HARR APS20KV GEN1,HARR APS20KV GEN1,684.0,0.92,652,662,375,N, , ,OP,X,12.0,1972.0, , ,N,Electric Utility,1.0,X,RC,NG,,,,,NG,,,,N,N, ,12H,,Y,,,,Y,, , , ,, , , , ,,, , , ,, , ,N,N,N,3944,115716468,11494151.166,10067.421798165693,48.14487500233331,,,2021.0,2.0
91,12796,Monongahela Power Co,3944.0,FirstEnergy Harrison Power Station,WV,Harrison,2,Conventional Steam Coal,ST,,S,X,X,HARR APS20KV GEN2,HARR APS20KV GEN2,684.0,0.92,651,661,375,N, , ,OP,X,12.0,1973.0, , ,N,Electric Utility,1.0,X,RC,NG,,,,,NG,,,,N,N, ,12H,,Y,,,,Y,, , , ,, , , , ,,, , , ,, , ,N,N,N,3944,115716468,11494151.166,10067.421798165693,48.14487500233331,,,2022.0,2.0
92,12796,Monongahela Power Co,3944.0,FirstEnergy Harrison Power Station,WV,Harrison,3,Conventional Steam Coal,ST,,S,X,X,,,684.0,0.92,651,661,375,N, , ,OP,X,12.0,1974.0, , ,N,Electric Utility,1.0,X,RC,NG,,,,,NG,,,,N,N, ,12H,,Y,,,,Y,, , , ,, , , , ,,, , , ,, , ,N,N,N,3944,115716468,11494151.166,10067.421798165693,48.14487500233331,,,2023.0,2.0
93,22053,Kentucky Power Co,3948.0,Mitchell (WV),WV,Marshall,1,Conventional Steam Coal,ST,,J,X,X,,,816.3,0.9,770,770,370,N, , ,OP,X,5.0,1971.0, , ,N,Electric Utility,1.0,X,BIT,,,,,,DFO,,,,N,N, ,OVER,,Y,,,,Y,, , , ,, , , , ,,, , , ,, , ,N,,,3948,50105689,4769103.965000001,10506.310906141043,36.291638889526645,,,2007.0,8.0
94,22053,Kentucky Power Co,3948.0,Mitchell (WV),WV,Marshall,2,Conventional Steam Coal,ST,,J,X,X,,,816.3,0.9,790,790,410,N, , ,OP,X,5.0,1971.0, , ,N,Electric Utility,1.0,X,BIT,,,,,,DFO,,,,N,N, ,OVER,,Y,,,,Y,, , , ,, , , , ,,, , , ,, , ,N,,,3948,50105689,4769103.965000001,10506.310906141043,36.291638889526645,,,2007.0,8.0
95,19876,Virginia Electric & Power Co,3954.0,Mt Storm,WV,Grant,1,Conventional Steam Coal,ST,,S,X,X,,,570.2,0.9,554,569,265,N, , ,OP,X,9.0,1965.0, , ,N,Electric Utility,1.0,X,BIT,DFO,,,,,DFO,,,,,, ,OVER,,Y,,,Y,,, , , ,, , , , ,,, , , ,, , ,Y,,,3954,57684207,5508683.044,10471.505900639726,44.913138889588325,,,2010.0,8.0
96,19876,Virginia Electric & Power Co,3954.0,Mt Storm,WV,Grant,2,Conventional Steam Coal,ST,,S,X,X,,,570.2,0.9,555,570,265,N, , ,OP,X,7.0,1966.0, , ,N,Electric Utility,1.0,X,BIT,DFO,,,,,DFO,,,,,, ,OVER,,Y,,,Y,,, , , ,, , , , ,,, , , ,, , ,Y,,,3954,57684207,5508683.044,10471.505900639726,44.913138889588325,,,2011.0,6.0
97,19876,Virginia Electric & Power Co,3954.0,Mt Storm,WV,Grant,3,Conventional Steam Coal,ST,,S,X,X,,,522.0,0.9,520,537,300,N, , ,OP,X,12.0,1973.0, , ,N,Electric Utility,1.0,X,BIT,DFO,WO,,,,DFO,,,,,, ,OVER,,Y,,,Y,,, , , ,, , , , ,,, , , ,, , ,Y,,,3954,57684207,5508683.044,10471.505900639726,44.91520833427665,,,2018.0,11.0
98,64226,Energy Harbor Generation LLC,6004.0,Pleasants Power Station,WV,Pleasants,1,Conventional Steam Coal,ST,,S,X,X,PLEA APS26KV GEN1,PLEA APS26KV GEN1,684.0,0.9,639,650,300,N, , ,OP,X,4.0,1979.0, , ,N,IPP Non-CHP,2.0,X,BIT,,,,,,NG,,,,N,N, ,12H,,Y,,,,Y,, , , ,, , , , ,,, , , ,, , ,N,N,N,6004,79233765,7582771.025,10449.183384117812,42.54402777874166,,,2021.0,11.0
99,64226,Energy Harbor Generation LLC,6004.0,Pleasants Power Station,WV,Pleasants,2,Conventional Steam Coal,ST,,S,X,X,PLEA APS26KV GEN2,PLEA APS26KV GEN2,684.0,0.9,639,650,300,N, , ,OP,X,12.0,1980.0, , ,N,IPP Non-CHP,2.0,X,BIT,,,,,,NG,,,,N,N, ,12H,,Y,,,,Y,, , , ,, , , , ,,, , , ,, , ,N,N,N,6004,79233765,7582771.025,10449.183384117812,42.54402777874166,,,2023.0,7.0
100,55729,Duke Energy Kentucky Inc,6018.0,East Bend,KY,Boone,2,Conventional Steam Coal,ST,,S,X,X,,,772.0,0.9,600,600,340,N, , ,OP,X,3.0,1981.0, , ,N,Electric Utility,1.0,X,BIT,,,,,,DFO,,,,,N, ,OVER,,Y,,,Y,,, , , ,, , , , ,,, , , ,, , ,N,N,N,6018,28070912,2542673.0470000003,11039.921956588072,34.72866666692667,,,2015.0,12.0
101,5580,"East Kentucky Power Coop, Inc",6041.0,H L Spurlock,KY,Mason,1,Conventional Steam Coal,ST,,S,X,X,1123180722,88140101,357.6,0.96,300,300,145,N, , ,OP,X,9.0,1977.0, , ,Y,Electric Utility,1.0,T,BIT,,,,,,DFO,,,,N,N, ,OVER,,Y,,,Y,,, , , ,, , , , ,,, , , ,, , ,N,N,N,6041,83921246,8428928.996,9956.335619842728,40.981111111308316,,,2018.0,9.0
102,5580,"East Kentucky Power Coop, Inc",6041.0,H L Spurlock,KY,Mason,2,Conventional Steam Coal,ST,,S,X,X,1123180723,88140102,592.1,0.96,510,510,280,N, , ,OP,X,3.0,1981.0, , ,Y,Electric Utility,1.0,T,BIT,,,,,,DFO,,,,N,N, ,OVER,,Y,,,Y,,, , , ,, , , , ,,, , , ,, , ,N,N,N,6041,83921246,8428928.996,9956.335619842728,49.09988888967668,,,2030.0,4.0
103,5580,"East Kentucky Power Coop, Inc",6041.0,H L Spurlock,KY,Mason,3,Conventional Steam Coal,ST,,S,X,X,1123180720,88140103,329.4,0.85,268,268,180,N, , ,OP,X,3.0,2005.0, , ,Y,Electric Utility,1.0,T,BIT,TDF,,,,,DFO,,,,N,N, ,OVER,Y,,,,Y,,, , , ,, , , , ,,, , , ,, , ,Y,Y,N,6041,83921246,8428928.996,9956.335619842728,60.4991170651829,,,2065.0,9.0
104,5580,"East Kentucky Power Coop, Inc",6041.0,H L Spurlock,KY,Mason,4,Conventional Steam Coal,ST,,S,X,X,1123180721,88140104,329.4,0.85,268,268,180,N, , ,OP,X,4.0,2009.0, , ,Y,Electric Utility,1.0,T,BIT,TDF,,,,,DFO,,,,N,N, ,OVER,Y,,,,Y,,, , , ,, , , , ,,, , , ,, , ,Y,Y,N,6041,83921246,8428928.996,9956.335619842728,60.4991170651829,,,2069.0,10.0
105,9324,Indiana Michigan Power Co,6166.0,Rockport,IN,Spencer,1,Conventional Steam Coal,ST,,J,X,X,40243837,34497125,1300.0,0.9,1300,1299,500,N, , ,OP,X,12.0,1984.0,12,2028,N,Electric Utility,1.0,X,SUB,BIT,,,,,DFO,,,,N,N, ,OVER,,Y,,,,Y,, , , ,, , , , ,,, , , ,, , ,N,N,N,6166,51327446,4802162.978,10688.401504727106,36.96072619152616,,,2021.0,12.0
106,9324,Indiana Michigan Power Co,6166.0,Rockport,IN,Spencer,2,Conventional Steam Coal,ST,,J,X,X,40243839,34497125,1300.0,0.9,1300,1299,500,N, , ,OP,X,12.0,1989.0,12,2028,N,Electric Utility,1.0,X,SUB,BIT,,,,,DFO,,,,N,N, ,OVER,,Y,,,,Y,, , , ,, , , , ,,, , , ,, , ,N,N,N,6166,51327446,4802162.978,10688.401504727106,36.96072619152616,,,2026.0,12.0
107,733,Appalachian Power Co,6264.0,Mountaineer,WV,Mason,1,Conventional Steam Coal,ST,,S,X,X,,,1300.0,0.9,1299,1299,500,N, , ,OP,X,9.0,1980.0, , ,N,Electric Utility,1.0,X,BIT,,,,,,DFO,,,,N,, ,12H,,Y,,,,Y,, , , ,, , , , ,,, , , ,, , ,N,,,6264,69190768,7132757.975000001,9700.422787722584,38.04277777993329,,,2018.0,10.0
108,19876,Virginia Electric & Power Co,7213.0,Clover,VA,Halifax,1,Conventional Steam Coal,ST,,J,X,X,,,424.0,0.9,440,443,130,N, , ,OP,X,10.0,1995.0, , ,N,Electric Utility,1.0,X,BIT,,,,,,DFO,,,,,, ,OVER,,Y,,,Y,,, , , ,, , , , ,,, , , ,, , ,N,,,7213,10122664,892660.0,11339.887527165998,46.084583333320005,,,2041.0,11.0
109,19876,Virginia Electric & Power Co,7213.0,Clover,VA,Halifax,2,Conventional Steam Coal,ST,,J,X,X,,,424.0,0.9,437,438,130,N, , ,OP,X,3.0,1996.0, , ,N,Electric Utility,1.0,X,BIT,,,,,,DFO,,,,,, ,OVER,,Y,,,Y,,, , , ,, , , , ,,, , , ,, , ,N,,,7213,10122664,892660.0,11339.887527165998,46.084583333320005,,,2042.0,4.0
110,61135,"Gavin Power, LLC",8102.0,"Gavin Power, LLC",OH,Gallia,1,Conventional Steam Coal,ST,,W,X,X,,,1300.0,0.9,1348,1348,485,Y,7,2022,OP,X,6,2024, , ,N,IPP Non-CHP,2.0,X,BIT,,,,,,DFO,,,,N,N, ,OVER,,Y,,,,Y,,13,13,6,2024, , , , ,,, , , ,N, , ,N,N,N,8102,139264429,13806727.038,10086.708357216383,39.349583336199935,1974.0,10.0,2063.0,10.0
111,61135,"Gavin Power, LLC",8102.0,"Gavin Power, LLC",OH,Gallia,2,Conventional Steam Coal,ST,,W,X,X,,,1300.0,0.9,1361,1361,485,N, , ,OP,X,7.0,1975.0, , ,N,IPP Non-CHP,2.0,X,BIT,,,,,,DFO,,,,N,N, ,OVER,,Y,,,,Y,, , , ,, , , , ,,, , , ,N, , ,N,N,N,8102,139264429,13806727.038,10086.708357216383,39.349583336199935,,,2014.0,11.0
112,17465,WestRock-West Point Mill,10017.0,WestRock-West Point Mill,VA,King William,GEN8,Wood/Wood Waste Biomass,ST,,S,X,X,,,5.0,0.8,5,5,1.8,N, , ,OS,X,1.0,1954.0, , ,Y,Industrial CHP,7.0,T,BLQ,NG,WDS,BIT,SLW,DFO,NG,,,,N,N, ,OVER,,Y,,Y,Y,,, , , ,, , , , ,,, , , ,, , ,Y,Y,N,10017,2081036,520975.868,3994.4959600316843,56.69125000041667,,,2010.0,9.0
113,17465,WestRock-West Point Mill,10017.0,WestRock-West Point Mill,VA,King William,GEN9,Wood/Wood Waste Biomass,ST,,S,X,X,,,10.0,0.8,10,10,4,N, , ,OP,X,10.0,1960.0, , ,Y,Industrial CHP,7.0,T,BLQ,NG,WDS,BIT,SLW,DFO,NG,,,,N,N, ,OVER,,Y,,Y,Y,,, , , ,, , , , ,,, , , ,, , ,Y,Y,N,10017,2081036,520975.868,3994.4959600316843,56.69125000041667,,,2017.0,6.0
114,17465,WestRock-West Point Mill,10017.0,WestRock-West Point Mill,VA,King William,GN10,Wood/Wood Waste Biomass,ST,,S,X,X,,,25.0,0.85,25,25,7,N, , ,OP,X,12.0,1968.0, , ,Y,Industrial CHP,7.0,T,BLQ,NG,WDS,BIT,SLW,DFO,NG,,,,N,N, ,OVER,,Y,,Y,Y,,, , , ,, , , , ,,, , , ,, , ,Y,Y,N,10017,2081036,520975.868,3994.4959600316843,56.69125000041667,,,2025.0,8.0
115,17465,WestRock-West Point Mill,10017.0,WestRock-West Point Mill,VA,King William,GN11,Wood/Wood Waste Biomass,ST,,S,X,X,,,15.0,0.85,15,15,7,N, , ,OP,X,8.0,1977.0, , ,Y,Industrial CHP,7.0,T,BLQ,NG,WDS,SLW,DFO,BIT,NG,,,,N,N, ,OVER,,Y,,Y,Y,,, , , ,, , , , ,,, , , ,, , ,Y,Y,N,10017,2081036,520975.868,3994.4959600316843,56.69125000041667,,,2034.0,4.0
116,17465,WestRock-West Point Mill,10017.0,WestRock-West Point Mill,VA,King William,GN12,Wood/Wood Waste Biomass,ST,,S,X,X,,,46.0,0.85,46,46,10,N, , ,OP,X,10.0,1985.0, , ,Y,Industrial CHP,7.0,T,BLQ,NG,WDS,SLW,DFO,BIT,NG,,,,N,N, ,OVER,,Y,,Y,Y,,, , , ,, , , , ,,, , , ,, , ,Y,Y,N,10017,2081036,520975.868,3994.4959600316843,56.69125000041667,,,2042.0,6.0
117,7199,Gilberton Power Co,10113.0,John B Rich Memorial Power Station,PA,Schuylkill,GEN1,Conventional Steam Coal,ST,,S,X,X,50600,50600,88.4,0.85,80,80,50,N, , ,OP,X,2.0,1988.0, , ,Y,IPP CHP,3.0,T,WC,DFO,,,,,DFO,,,,N,N, ,OVER,Y,,,,Y,,, , , ,, , , , ,,, , , ,, , ,Y,N,N,10113,8166798,583476.003,13996.801853048959,54.85752272565664,,,2042.0,12.0
118,8181,Harrisburg Authority,10118.0,Harrisburg Facility,PA,Dauphin,GEN3,Municipal Solid Waste,ST,,W,X,X,,,24.1,1,16.7,16.7,4,N, , ,OP,X,4.0,2006.0, , ,Y,IPP CHP,3.0,T,MSW,NG,,,,,NG,,,,N,N, ,12H,,,,,,,, , , ,, , , , ,,, , , ,, , ,Y,Y,N,10118,729532,112433.0,6488.593206620832,56.69125000041667,,,2062.0,12.0
119,9379,"Inter-Power/AhlCon Partners, L.P.",10143.0,Colver Green Energy,PA,Cambria,COLV,Conventional Steam Coal,ST,,S,X,X,Glory,Glory,118.0,0.9,110,110,77,N, , ,OP,X,2.0,1995.0, , ,N,IPP Non-CHP,2.0,X,WC,PG,,,,,PG,,,,N,N, ,OVER,Y,,,,Y,,, , , ,, , , , ,,, , , ,, , ,N,N,N,10143,7594162,643625.997,11799.029304902362,54.558916663599994,,,2049.0,9.0
120,563,American Bituminous Power LP,10151.0,Grant Town Power Plant,WV,Marion,GEN1,Conventional Steam Coal,ST,,S,X,X,5021728,5021728,95.7,1,80,80,32,N, , ,OP,X,7.0,1992.0, , ,N,IPP Non-CHP,2.0,X,WC,NG,BIT,TDF,PC,,NG,,,,N,N,0,OVER,Y,,,,Y,,, , , ,, , , , ,,, , , ,, , ,Y,Y,N,10151,8541501,631408.998,13527.683366970326,60.22402777761663,,,2052.0,10.0
121,12311,Merck & Co Inc,10224.0,Merck Rahway Power Plant,NJ,Union,GEN8,Natural Gas Steam Turbine,ST,,S,X,X,,,5.0,0.8,5,5,2,N, , ,OS,X,1.0,1977.0, , ,Y,Industrial CHP,7.0,T,NG,DFO,,,,,NG,,,,N,N, ,12H,,,,,,,, , , ,, , , , ,,, , , ,, , ,Y,N,Y,10224,185848,42408.990000000005,4382.278380126478,56.69125000041667,,,2033.0,9.0
122,12311,Merck & Co Inc,10224.0,Merck Rahway Power Plant,NJ,Union,GEN9,Natural Gas Steam Turbine,ST,,S,X,X,,,10.8,0.8,10.8,10.8,2,N, , ,OP,X,1.0,2004.0, , ,Y,Industrial CHP,7.0,T,NG,DFO,,,,,NG,,,,N,N, ,12H,,,,,,,, , , ,, , , , ,,, , , ,, , ,Y,N,Y,10224,185848,42408.990000000005,4382.278380126478,56.69125000041667,,,2060.0,9.0
123,12311,Merck & Co Inc,10224.0,Merck Rahway Power Plant,NJ,Union,GEN9A,Natural Gas Steam Turbine,ST,,S,X,X,,,4.5,0.9,5.1,5.1,1,N, , ,OP,X,12.0,2017.0, , ,N,Industrial CHP,7.0,X,NG,DFO,,,,,NG,,,,N,N, ,12H,,,,,,,, , , ,, , , , ,,, , , ,, , ,Y,N,Y,10224,185848,42408.990000000005,4382.278380126478,56.69125000041667,,,2074.0,8.0
124,61723,"Pixelle Specialty Solution, LLC",10244.0,Pixelle Specialty Solutions LLC - Chillicothe Facility,OH,Ross,T-10,Wood/Wood Waste Biomass,ST,,S,X,X,,,10.6,0.9,7.3,4.5,5,N, , ,OS,X,2.0,1952.0, , ,Y,Industrial CHP,7.0,T,BLQ,NG,WDS,TDF,DFO,,DFO,,,,N,N, ,12H,,,,,,,, , , ,, , , , ,,, , , ,, , ,Y,Y,N,10244,1634279,348550.27099999995,4688.7899278092955,56.69125000041667,,,2008.0,10.0
125,61723,"Pixelle Specialty Solution, LLC",10244.0,Pixelle Specialty Solutions LLC - Chillicothe Facility,OH,Ross,T-11,Wood/Wood Waste Biomass,ST,,S,X,X,,,24.0,0.9,10.2,10.8,8,N, , ,OP,X,2.0,1958.0, , ,Y,Industrial CHP,7.0,T,BLQ,NG,WDS,TDF,DFO,,DFO,,,,N,N, ,12H,,,,,,,, , , ,, , , , ,,, , , ,, , ,Y,Y,N,10244,1634279,348550.27099999995,4688.7899278092955,56.69125000041667,,,2014.0,10.0
126,61723,"Pixelle Specialty Solution, LLC",10244.0,Pixelle Specialty Solutions LLC - Chillicothe Facility,OH,Ross,T-12,Wood/Wood Waste Biomass,ST,,S,X,X,,,31.0,0.9,15.8,19.5,10,N, , ,OP,X,2.0,1967.0, , ,Y,Industrial CHP,7.0,T,BLQ,NG,WDS,TDF,DFO,,DFO,,,,N,N, ,12H,,,,,,,, , , ,, , , , ,,, , , ,, , ,Y,Y,N,10244,1634279,348550.27099999995,4688.7899278092955,56.69125000041667,,,2023.0,10.0
127,61723,"Pixelle Specialty Solution, LLC",10244.0,Pixelle Specialty Solutions LLC - Chillicothe Facility,OH,Ross,T-13,Natural Gas Steam Turbine,ST,,S,X,X,,,27.2,0.9,10.6,13.3,7,N, , ,OP,X,7.0,1978.0, , ,Y,Industrial CHP,7.0,T,NG,BLQ,WDS,TDF,DFO,,NG,DFO,,,N,N, ,12H,,,,,,,, , , ,, , , , ,,, , , ,, , ,Y,Y,N,10244,1634279,348550.27099999995,4688.7899278092955,56.69125000041667,,,2035.0,3.0
128,49889,Mount Carmel Cogen Inc,10343.0,Foster Wheeler Mt Carmel Cogen,PA,Northumberland,TG1,Conventional Steam Coal,ST,,S,X,X,,,47.3,1,43,40,25,N, , ,OP,X,1.0,1990.0, , ,Y,IPP CHP,3.0,T,WC,NG,,,,,NG,,,,N,N, ,OVER,Y,,,,Y,,, , , ,, , , , ,,, , , ,, , ,Y,Y,N,10343,37710,2072.0,18199.80694980695,56.007777777154985,,,2046.0,1.0
129,9454,ArcelorMittal Cleveland Inc,10398.0,Arcelormittal Cleveland Inc,OH,Cuyahoga,GEN3,Other Gases,ST,,S,X,X,ATSI,,10.0,1,10,10,3,N, , ,OP,X,1.0,1965.0,3,2023,Y,Industrial CHP,7.0,B,BFG,NG,,,,,NG,,,,N,N, ,12H,,N,,,,,, , , ,, , , , ,,, , , ,, , ,Y,Y,N,10398,947438,149946.0,6318.528003414563,56.69125000041667,,,2021.0,9.0
130,9454,ArcelorMittal Cleveland Inc,10398.0,Arcelormittal Cleveland Inc,OH,Cuyahoga,GEN5,Other Gases,ST,,S,X,X,ATSI,,10.0,1,8,9,3,N, , ,OP,X,1.0,1965.0,3,2023,Y,Industrial CHP,7.0,B,BFG,NG,RFO,,,,NG,,,,N,N, ,12H,,N,,,,,, , , ,, , , , ,,, , , ,, , ,Y,Y,N,10398,947438,149946.0,6318.528003414563,56.69125000041667,,,2021.0,9.0
131,9454,ArcelorMittal Cleveland Inc,10398.0,Arcelormittal Cleveland Inc,OH,Cuyahoga,GENA,Other Gases,ST,,S,X,X,ATSI,,15.0,1,12,14,3,N, , ,OP,X,1.0,1950.0,3,2023,Y,Industrial CHP,7.0,T,BFG,NG,RFO,,,,NG,,,,N,N, ,12H,,N,,,,,, , , ,, , , , ,,, , , ,, , ,Y,Y,N,10398,947438,149946.0,6318.528003414563,56.69125000041667,,,2006.0,9.0
132,9454,ArcelorMittal Cleveland Inc,10398.0,Arcelormittal Cleveland Inc,OH,Cuyahoga,GENB,Other Gases,ST,,S,X,X,ATSI,,10.0,1,8,9,3,N, , ,OP,X,1.0,1965.0, , ,Y,Industrial CHP,7.0,T,BFG,NG,RFO,,,,NG,,,,N,N, ,12H,,N,,,,,, , , ,, , , , ,,, , , ,, , ,Y,Y,N,10398,947438,149946.0,6318.528003414563,56.69125000041667,,,2021.0,9.0
133,9454,ArcelorMittal Cleveland Inc,10398.0,Arcelormittal Cleveland Inc,OH,Cuyahoga,GENC,Other Gases,ST,,S,X,X,ATSI,,22.0,1,22,22,4,N, , ,OP,X,2.0,2010.0, , ,Y,Industrial CHP,7.0,T,BFG,NG,RFO,,,,NG,,,,N,N, ,12H,,N,,,,,, , , ,, , , , ,,, , , ,, , ,Y,Y,N,10398,947438,149946.0,6318.528003414563,56.69125000041667,,,2066.0,10.0
134,9454,ArcelorMittal Cleveland Inc,10398.0,Arcelormittal Cleveland Inc,OH,Cuyahoga,GENG,Other Gases,ST,,S,X,X,ATSI,,70.0,0.85,69.3,60,14,N, , ,OP,X,3.0,2022.0, , ,Y,Industrial CHP,7.0,T,BFG,,,,,,NG,,,,,N, ,12H,,,,,,,, , , ,, , , , ,,, , , ,N, , ,N,N,N,10398,947438,149946.0,6318.528003414563,56.69125000041667,,,2078.0,11.0
135,49966,Covanta Camden Energy Recovery Center,10435.0,Camden Resource Recovery Facility,NJ,Camden,TGA,Municipal Solid Waste,ST,,S,X,X,CCRF,CCRF,17.5,0.9,16.5,16.5,4,N, , ,OP,X,3.0,1991.0, , ,N,IPP Non-CHP,2.0,X,MSW,,,,,,NG,,,,N,N, ,OVER,,,N,,N,,, , , ,, , , , ,,, , , ,, , ,N,N,N,10435,3637815,165476.0,21983.943290869975,58.250555553396644,,,2049.0,6.0
136,49966,Covanta Camden Energy Recovery Center,10435.0,Camden Resource Recovery Facility,NJ,Camden,TGB,Municipal Solid Waste,ST,,S,X,X,CCRF,CCRF,17.5,0.9,16.5,16.5,4,N, , ,OP,X,3.0,1991.0, , ,N,IPP Non-CHP,2.0,X,MSW,,,,,,NG,,,,N,N, ,OVER,,,N,,N,,, , , ,, , , , ,,, , , ,, , ,N,N,N,10435,3637815,165476.0,21983.943290869975,58.250555553396644,,,2049.0,6.0
137,5670,Ebensburg Power Co,10603.0,Ebensburg Power,PA,Cambria,GEN1,Conventional Steam Coal,ST,,J,X,X,CSLOPE,CSLOPE,57.6,0.9,50,50,20,N, , ,OP,X,11.0,1990.0, , ,N,IPP Non-CHP,2.0,X,WC,,,,,,NG,,,,N,N, ,12H,Y,,,,Y,,, , , ,, , , , ,,, , , ,, , ,N,N,,10603,3383357,231799.00400000002,14596.080835619121,54.441666665965,,,2045.0,4.0
138,20541,Wheelabrator Environmental Systems,10629.0,Wheelabrator Baltimore Refuse,MD,Baltimore City,GEN1,Municipal Solid Waste,ST,,S,X,X,WESTPORT 34 KV BRESCO,WESTPORT 34 KV BRESCO,60.2,0.9,57,57,10,N, , ,OP,X,11.0,1984.0, , ,N,IPP CHP,3.0,X,MSW,,,,,,NG,,,,N,N, ,12H,,,,N,N,,, , , ,, , , , ,,, , , ,, , ,N,N,,10629,4272882,337277.0,12668.761878218793,56.10559920627059,,,2040.0,12.0
139,20541,Wheelabrator Environmental Systems,10629.0,Wheelabrator Baltimore Refuse,MD,Baltimore City,GEN2,Municipal Solid Waste,ST,,S,X,X,,,4.3,0.9,4.3,4.3,2,N, , ,OP,X,1.0,2001.0, , ,Y,IPP CHP,3.0,T,MSW,,,,,,NG,,,,N,N, ,12H,,,,N,N,,, , , ,, , , , ,,, , , ,, , ,N,N,,10629,4272882,337277.0,12668.761878218793,56.10559920627059,,,2057.0,2.0
140,542,Covanta Essex Company,10643.0,Covanta Essex Company,NJ,Essex,GEN1,Municipal Solid Waste,ST,,S,X,X,,,34.9,0.9,30,30,5,N, , ,OP,X,11.0,1990.0, , ,N,Commercial Non-CHP,4.0,X,MSW,DFO,,,,,DFO,,,,N,N, ,12H,,,N,N,,,, , , ,, , , , ,,, , , ,, , ,N,N,N,10643,9564900,487198.0,19632.46975562297,58.250555553396644,,,2049.0,2.0
141,542,Covanta Essex Company,10643.0,Covanta Essex Company,NJ,Essex,GEN2,Municipal Solid Waste,ST,,S,X,X,,,34.9,0.9,30,30,5,N, , ,OP,X,11.0,1990.0, , ,N,Commercial Non-CHP,4.0,X,MSW,DFO,,,,,DFO,,,,N,N, ,12H,,,N,,,,, , , ,, , , , ,,, , , ,, , ,N,N,N,10643,9564900,487198.0,19632.46975562297,58.250555553396644,,,2049.0,2.0
142,35,AES WR Ltd Partnership,10678.0,AES Warrior Run Cogeneration Facility,MD,Allegany,GEN1,Conventional Steam Coal,ST,,S,X,X,,,229.0,0.9,180,180,72,N, , ,OP,X,8.0,1999.0, , ,Y,IPP CHP,3.0,T,BIT,,,,,,DFO,,,,N,Y, ,OVER,Y,,,,Y,,, , , ,, , , , ,,, , , ,, , ,N,N,N,10678,11083400,1251759.039,8854.260009062335,47.55041666692498,,,2047.0,3.0
143,11704,Maryland Environmental Service,10693.0,Eastern Correctional Institute,MD,Somerset,1147,Wood/Wood Waste Biomass,ST,,S,X,X,,,1.9,0.8,1.3,0.8,0.5,N, , ,OP,X,8.0,1987.0, , ,Y,Commercial CHP,5.0,T,WDS,DFO,,,,,PG,DFO,,,N,N, ,12H,,,N,,,,, , , ,, , , , ,,, , , ,, , ,Y,Y,N,10693,115224,8564.0,13454.460532461466,56.9616666677,,,2044.0,8.0
144,11704,Maryland Environmental Service,10693.0,Eastern Correctional Institute,MD,Somerset,1148,Wood/Wood Waste Biomass,ST,,S,X,X,,,1.9,0.8,1.3,0.8,0.5,N, , ,OP,X,8.0,1987.0, , ,Y,Commercial CHP,5.0,T,WDS,DFO,,,,,PG,DFO,,,N,N, ,12H,,,N,,,,, , , ,, , , , ,,, , , ,, , ,Y,Y,N,10693,115224,8564.0,13454.460532461466,56.9616666677,,,2044.0,8.0
145,570,Covanta Delaware Valley LP,10746.0,Covanta Delaware Valley,PA,Delaware,GEN1,Municipal Solid Waste,ST,,S,X,X,,,90.0,1,80,80,20,N, , ,OP,X,4.0,1991.0, , ,N,IPP Non-CHP,2.0,X,MSW,NG,,,,,MSW,,,,N,N, ,OVER,,,,N,,,, , , ,, , , , ,,, , , ,N, , ,N,N,N,10746,11609918,589304.004,19701.067566477966,55.41362788421713,,,2046.0,9.0
146,19876,Virginia Electric & Power Co,10771.0,Hopewell Power Station,VA,Hopewell City,1,Wood/Wood Waste Biomass,ST,,S,X,X,,,71.1,0.85,51,51,20,N, , ,OP,X,7.0,1992.0,1,2028,N,Electric Utility,1.0,X,WDS,,,,,,NG,,,,N,, ,12H,,,,,N,,, , , ,, , , , ,,, , , ,, , ,N,,,10771,5327982,276498.002,19269.513564152265,57.943055553346646,,,2050.0,6.0
147,19876,Virginia Electric & Power Co,10773.0,Altavista Power Station,VA,Campbell,1,Wood/Wood Waste Biomass,ST,,S,X,X,,,71.1,0.85,51,51,20,N, , ,OP,X,2.0,1992.0,1,2028,N,Electric Utility,1.0,X,WDS,NG,,,,,NG,,,,,, ,12H,,,,,N,,, , , ,, , , , ,,, , , ,, , ,Y,,,10773,5288099,322809.002,16381.51032727396,55.874166665095,,,2047.0,12.0
148,19876,Virginia Electric & Power Co,10774.0,Southampton Power Station,VA,Southampton,1,Wood/Wood Waste Biomass,ST,,S,X,X,,,71.1,0.85,51,51,20,N, , ,OP,X,3.0,1992.0,1,2028,N,Electric Utility,1.0,X,WDS,,,,,,DFO,,,,,, ,12H,,,,,N,,, , , ,, , , , ,,, , , ,, , ,N,N,,10774,5566671,318779.00299999997,17462.476974997004,54.744166666044975,,,2046.0,12.0
149,55903,Domtar Paper Company LLC,50189.0,Domtar Paper Co LLC Plymouth NC,NC,Martin,TG10,Wood/Wood Waste Biomass,ST,,S,X,X,,,72.0,0.97,74,74,14,N, , ,OP,X,6.0,1978.0, , ,Y,Industrial CHP,7.0,T,WDS,NG,SLW,DFO,,,NG,RFO,BLQ,,N,N, ,12H,,N,,,,,, , , ,, , , , ,,, , , ,, , ,Y,Y,Y,50189,1699308,357217.48699999996,4757.068345873001,56.69125000041667,,,2035.0,2.0
150,55903,Domtar Paper Company LLC,50189.0,Domtar Paper Co LLC Plymouth NC,NC,Martin,TG9,Wood/Wood Waste Biomass,ST,,S,X,X,,,42.0,0.8,40.8,40.8,14,N, , ,OP,X,9.0,1976.0, , ,Y,Industrial CHP,7.0,T,BLQ,DFO,WDS,RFO,NG,,DFO,,,,N,N, ,12H,,N,,,,,, , , ,, , , , ,,, , , ,, , ,Y,Y,N,50189,1699308,357217.48699999996,4757.068345873001,56.69125000041667,,,2033.0,5.0
151,21128,York County Solid W & R Auth,50215.0,York County Resource Recovery,PA,York,GEN1,Municipal Solid Waste,ST,,S,X,X,,,36.5,0.85,30,30,11.7,N, , ,OP,X,11.0,1989.0, , ,N,IPP Non-CHP,2.0,X,MSW,,,,,,NG,DFO,,,N,N, ,12H,,,,,,,, , , ,, , , , ,,, , , ,, , ,N,N,,50215,4219590,261048.0,16164.038797462536,56.009999998495005,,,2045.0,11.0
152,64508,"Westrock Kraft Paper, LLC",50254.0,KapStone Kraft Paper Corp,NC,Halifax,GEN1,Wood/Wood Waste Biomass,ST,,S,X,X,,,28.3,0.9,30,30,2,N, , ,OP,X,1.0,1966.0, , ,Y,Industrial CHP,7.0,B,BLQ,BIT,RFO,NG,AB,WDS,DFO,,,,N,N, ,12H,,Y,,,Y,,, , , ,, , , , ,,, , , ,, , ,Y,Y,Y,50254,878664,189504.38999999998,4636.641926870401,56.69125000041667,,,2022.0,9.0
153,14465,Philip Morris USA - Park 500,50275.0,Park 500 Philip Morris USA,VA,Chesterfield,TG3,Natural Gas Steam Turbine,ST,,S,X,X,,,13.0,0.8,10.5,11.5,4.5,N, , ,OP,X,9.0,1983.0, , ,Y,Industrial CHP,7.0,T,NG,DFO,,,,,NG,,,,N,N, ,12H,,N,,,N,,, , , ,, , , , ,,, , , ,, , ,Y,N,Y,50275,199490,16843.662,11843.624029026467,49.28256250057082,,,2032.0,12.0
154,22174,PEI Power Corp,50279.0,Archbald Power Station,PA,Lackawanna,GEN1,Landfill Gas,ST,,S,X,X,1048035,ARCHTAP13 KV PEI 1,23.2,1,20,20,10,N, , ,OP,X,9.0,1988.0, , ,N,IPP Non-CHP,2.0,X,LFG,NG,,,,,NG,,,,N,N, ,OVER,,,,N,N,,, , , ,, , , , ,,, , , ,, , ,Y,Y,N,50279,1470730,103267.0,14242.013421518976,57.15180555597498,,,2045.0,11.0
155,3283,Bunge North America East LLC,50316.0,Bunge North America East LLC,IN,Adams,3516,Natural Gas Steam Turbine,ST,,S,X,X,,,2.0,0.9,2.2,2.2,1,N, , ,OP,X,12.0,1950.0, , ,Y,Industrial CHP,7.0,T,NG,,,,,,NG,,,,N,N, ,1H,,,,,,,, , , ,, , , , ,,, , , ,, , ,N,N,N,50316,58887,13411.0,4390.9477294758035,56.69125000041667,,,2007.0,8.0
156,19564,University of Notre Dame,50366.0,University of Notre Dame,IN,St Joseph,GEN1,Natural Gas Steam Turbine,ST,,S,X,X,,,3.0,0.8,3,3,0.5,N, , ,OP,X,6.0,1962.0, , ,Y,Commercial CHP,5.0,T,NG,DFO,,,,,NG,DFO,,,N,N, ,12H,,,,,,,, , , ,, , , , ,,, , , ,, , ,Y,Y,Y,50366,316292,56972.683000000005,5551.643056725975,56.69125000041667,,,2019.0,2.0
157,19564,University of Notre Dame,50366.0,University of Notre Dame,IN,St Joseph,GEN2,Natural Gas Steam Turbine,ST,,S,X,X,,,1.7,0.8,1.7,1.7,0.5,N, , ,OP,X,7.0,1952.0, , ,Y,Commercial CHP,5.0,T,NG,DFO,,,,,NG,DFO,,,N,N, ,12H,,,,,,,, , , ,, , , , ,,, , , ,, , ,Y,Y,Y,50366,316292,56972.683000000005,5551.643056725975,56.69125000041667,,,2009.0,3.0
158,19564,University of Notre Dame,50366.0,University of Notre Dame,IN,St Joseph,GEN5,Natural Gas Steam Turbine,ST,,S,X,X,,,2.0,0.8,2,2,0.5,N, , ,OP,X,9.0,1956.0, , ,Y,Commercial CHP,5.0,T,NG,DFO,,,,,NG,DFO,,,N,N, ,12H,,,,,,,, , , ,, , , , ,,, , , ,, , ,Y,Y,Y,50366,316292,56972.683000000005,5551.643056725975,56.69125000041667,,,2013.0,5.0
159,19564,University of Notre Dame,50366.0,University of Notre Dame,IN,St Joseph,GEN6,Natural Gas Steam Turbine,ST,,S,X,X,,,5.0,0.8,5,5,0.5,N, , ,OP,X,2.0,1967.0, , ,Y,Commercial CHP,5.0,T,NG,DFO,,,,,NG,DFO,,,N,N, ,12H,,,,,,,, , , ,, , , , ,,, , , ,, , ,Y,Y,Y,50366,316292,56972.683000000005,5551.643056725975,56.69125000041667,,,2023.0,10.0
160,19564,University of Notre Dame,50366.0,University of Notre Dame,IN,St Joseph,GEN7,Natural Gas Steam Turbine,ST,,S,X,X,,,9.4,0.8,9.4,9.4,0.5,N, , ,OP,X,3.0,2000.0, , ,Y,Commercial CHP,5.0,T,NG,DFO,,,,,NG,DFO,,,N,N, ,12H,,,,,,,, , , ,, , , , ,,, , , ,, , ,Y,Y,Y,50366,316292,56972.683000000005,5551.643056725975,56.69125000041667,,,2056.0,11.0
161,61988,Pixelle Specialty Solutions LLC - (PA),50397.0,Pixelle Specialty Solutions LLC - Spring Grove Facility,PA,York,GEN1,Natural Gas Steam Turbine,ST,,S,X,X,PHGLATFE115 KV NUG,,6.0,0.8,5,5,2,N, , ,OP,X,7.0,1948.0, , ,Y,Industrial CHP,7.0,T,NG,BLQ,BIT,RFO,WDS,SLW,NG,,,,N,N, ,12H,Y,,,,Y,,, , , ,, , , , ,,, , , ,, , ,Y,Y,N,50397,2496303,442624.359,5639.777724027159,56.69125000041667,,,2005.0,3.0
162,61988,Pixelle Specialty Solutions LLC - (PA),50397.0,Pixelle Specialty Solutions LLC - Spring Grove Facility,PA,York,GEN3,Natural Gas Steam Turbine,ST,,S,X,X,PHGLATFE115KV NUG,,5.1,0.8,4,4,1.2,N, , ,OP,X,5.0,1948.0, , ,Y,Industrial CHP,7.0,T,NG,BLQ,RFO,BIT,SLW,WDS,NG,,,,N,N, ,12H,Y,N,,,Y,,, , , ,, , , , ,,, , , ,, , ,Y,Y,N,50397,2496303,442624.359,5639.777724027159,56.69125000041667,,,2005.0,1.0
163,61988,Pixelle Specialty Solutions LLC - (PA),50397.0,Pixelle Specialty Solutions LLC - Spring Grove Facility,PA,York,GEN4,Natural Gas Steam Turbine,ST,,S,X,X,PHGLATFE115 KV NUG,,7.5,0.8,8.7,8.7,3.5,N, , ,OP,X,8.0,1962.0, , ,Y,Industrial CHP,7.0,T,NG,BLQ,BIT,RFO,SLW,WDS,NG,,,,N,N, ,12H,Y,N,,,Y,,, , , ,, , , , ,,, , , ,, , ,Y,Y,N,50397,2496303,442624.359,5639.777724027159,56.69125000041667,,,2019.0,4.0
164,61988,Pixelle Specialty Solutions LLC - (PA),50397.0,Pixelle Specialty Solutions LLC - Spring Grove Facility,PA,York,GEN5,Conventional Steam Coal,ST,,S,X,X,PHGLATFE115 KV NUG,,45.9,0.8,36.1,36.1,9,N, , ,OP,X,5.0,1989.0, , ,Y,Industrial CHP,7.0,T,BIT,WDS,SLW,RFO,,,RFO,,,,N,N, ,12H,Y,,,,Y,,, , , ,, , , , ,,, , , ,, , ,Y,Y,N,50397,2496303,442624.359,5639.777724027159,56.69125000041667,,,2046.0,1.0
165,61988,Pixelle Specialty Solutions LLC - (PA),50397.0,Pixelle Specialty Solutions LLC - Spring Grove Facility,PA,York,GEN6,Wood/Wood Waste Biomass,ST,,S,X,X,PHGLATFE115 KV NUG,,39.1,0.8,31.2,31.2,8.2,N, , ,OP,X,1.0,1994.0, , ,Y,Industrial CHP,7.0,T,BLQ,NG,RFO,BIT,SLW,WDS,RFO,,,,N,N, ,12H,Y,N,,N,Y,,, , , ,, , , , ,,, , , ,, , ,Y,Y,N,50397,2496303,442624.359,5639.777724027159,56.69125000041667,,,2050.0,9.0
166,15400,Procter & Gamble Co,50456.0,Procter & Gamble Cincinnati Plant,OH,Hamilton,GEN1,Natural Gas Steam Turbine,ST,,S,X,X,,,12.5,0.8,11.7,11.8,1.5,N, , ,OP,X,11.0,1965.0, , ,Y,Industrial CHP,7.0,B,NG,,,,,,NG,,,,N,N, ,12H,,N,,,,,, , , ,, , , , ,,, , , ,N, , ,N,N,N,50456,112201,7520.0,14920.345744680852,54.30701388782667,,,2020.0,3.0
167,15394,Procter & Gamble Ppr Prdts Co,50463.0,Procter & Gamble Mehoopany Mill,PA,Wyoming,GEN2,Natural Gas Steam Turbine,ST,,S,X,X,,,2.6,1,0.9,1.6,0.2,N, , ,OP,X,10.0,1984.0, , ,N,Industrial CHP,7.0,X,NG,,,,,,NG,,,,N,N, ,12H,,,,,,,, , , ,, , , , ,,, , , ,, , ,N,N,N,50463,28511,4763.0,5985.933235355868,56.69125000041667,,,2041.0,6.0
168,7167,GP Big Island LLC,50479.0,Georgia-Pacific Big Island,VA,Bedford,GEN1,Wood/Wood Waste Biomass,ST,,S,X,X,,,7.5,1,7,7,3.5,N, , ,OP,X,6.0,1965.0, , ,Y,Industrial CHP,7.0,T,WDS,OBS,NG,,,,WDS,NG,,,N,N, ,12H,,N,,,N,,, , , ,, , , , ,,, , , ,, , ,Y,Y,N,50479,248204,53913.0,4603.7875836996645,56.69125000041667,,,2022.0,2.0
169,5610,Eastman Chemical Co-TN Ops,50481.0,Tennessee Eastman Operations,TN,Sullivan,TG10,Conventional Steam Coal,ST,,S,X,X,,,6.0,0.8,6,6,2,N, , ,OP,X,2.0,1946.0, , ,Y,Industrial CHP,7.0,T,BIT,NG,SLW,OTH,,,NG,,,,N,N, ,12H,,,Y,,Y,,, , , ,, , , , ,,, , , ,, , ,Y,N,N,50481,6196067,1138973.003,5440.047291445766,56.69125000041667,,,2002.0,10.0
170,5610,Eastman Chemical Co-TN Ops,50481.0,Tennessee Eastman Operations,TN,Sullivan,TG11,Conventional Steam Coal,ST,,S,X,X,,,6.0,0.8,6,6,2,N, , ,OP,X,5.0,1949.0, , ,Y,Industrial CHP,7.0,B,BIT,NG,SLW,OTH,,,NG,,,,N,N, ,12H,,,Y,,Y,,, , , ,, , , , ,,, , , ,, , ,Y,N,N,50481,6196067,1138973.003,5440.047291445766,56.69125000041667,,,2006.0,1.0
171,5610,Eastman Chemical Co-TN Ops,50481.0,Tennessee Eastman Operations,TN,Sullivan,TG12,Conventional Steam Coal,ST,,S,X,X,,,6.0,0.8,6,6,2,N, , ,OP,X,2.0,1953.0, , ,Y,Industrial CHP,7.0,B,BIT,NG,SLW,OTH,,,NG,,,,N,N, ,12H,,,Y,,Y,,, , , ,, , , , ,,, , , ,, , ,Y,N,N,50481,6196067,1138973.003,5440.047291445766,56.69125000041667,,,2009.0,10.0
172,5610,Eastman Chemical Co-TN Ops,50481.0,Tennessee Eastman Operations,TN,Sullivan,TG13,Conventional Steam Coal,ST,,S,X,X,,,7.0,0.8,7,7,2,N, , ,OP,X,1.0,1960.0, , ,Y,Industrial CHP,7.0,T,BIT,SLW,OTH,NG,,,NG,,,,N,N, ,12H,,,Y,,Y,,, , , ,, , , , ,,, , , ,, , ,Y,N,N,50481,6196067,1138973.003,5440.047291445766,56.69125000041667,,,2016.0,9.0
173,5610,Eastman Chemical Co-TN Ops,50481.0,Tennessee Eastman Operations,TN,Sullivan,TG14,Conventional Steam Coal,ST,,S,X,X,,,10.0,0.8,10,10,2,N, , ,OP,X,4.0,1962.0, , ,Y,Industrial CHP,7.0,B,BIT,NG,SLW,OTH,,,NG,,,,N,N, ,12H,,,Y,,Y,,, , , ,, , , , ,,, , , ,, , ,Y,N,N,50481,6196067,1138973.003,5440.047291445766,56.69125000041667,,,2018.0,12.0
174,5610,Eastman Chemical Co-TN Ops,50481.0,Tennessee Eastman Operations,TN,Sullivan,TG15,Conventional Steam Coal,ST,,S,X,X,,,7.5,0.8,7.5,7.5,2,N, , ,OP,X,10.0,1963.0, , ,Y,Industrial CHP,7.0,T,BIT,SLW,OTH,NG,,,NG,,,,N,N, ,12H,,,Y,,Y,,, , , ,, , , , ,,, , , ,, , ,Y,N,N,50481,6196067,1138973.003,5440.047291445766,56.69125000041667,,,2020.0,6.0
175,5610,Eastman Chemical Co-TN Ops,50481.0,Tennessee Eastman Operations,TN,Sullivan,TG16,Natural Gas Steam Turbine,ST,,S,X,X,,,10.4,0.8,10.4,10.4,1.5,N, , ,OP,X,7.0,1966.0, , ,Y,Industrial CHP,7.0,T,NG,,,,,,NG,,,,N,N, ,12H,,N,,,N,,, , , ,, , , , ,,, , , ,, , ,N,N,N,50481,6196067,1138973.003,5440.047291445766,56.69125000041667,,,2023.0,3.0
176,5610,Eastman Chemical Co-TN Ops,50481.0,Tennessee Eastman Operations,TN,Sullivan,TG17,Natural Gas Steam Turbine,ST,,S,X,X,,,10.4,0.8,10.4,10.4,1.5,N, , ,OP,X,10.0,1966.0, , ,Y,Industrial CHP,7.0,T,NG,,,,,,NG,,,,N,N, ,12H,,,,,,,, , , ,, , , , ,,, , , ,, , ,N,N,N,50481,6196067,1138973.003,5440.047291445766,56.69125000041667,,,2023.0,6.0
177,5610,Eastman Chemical Co-TN Ops,50481.0,Tennessee Eastman Operations,TN,Sullivan,TG18,Natural Gas Steam Turbine,ST,,S,X,X,,,10.4,0.8,10.4,10.4,1.5,N, , ,OP,X,7.0,1967.0, , ,Y,Industrial CHP,7.0,T,NG,,,,,,NG,,,,N,N, ,12H,,N,,,N,,, , , ,, , , , ,,, , , ,, , ,N,N,N,50481,6196067,1138973.003,5440.047291445766,56.69125000041667,,,2024.0,3.0
178,5610,Eastman Chemical Co-TN Ops,50481.0,Tennessee Eastman Operations,TN,Sullivan,TG19,Natural Gas Steam Turbine,ST,,S,X,X,,,10.4,0.8,10.4,10.4,1.5,N, , ,OP,X,3.0,1970.0, , ,Y,Industrial CHP,7.0,T,NG,,,,,,NG,,,,N,N, ,12H,,,,,,,, , , ,, , , , ,,, , , ,, , ,N,N,N,50481,6196067,1138973.003,5440.047291445766,56.69125000041667,,,2026.0,11.0
179,5610,Eastman Chemical Co-TN Ops,50481.0,Tennessee Eastman Operations,TN,Sullivan,TG20,Natural Gas Steam Turbine,ST,,S,X,X,,,10.4,0.8,10.4,10.4,1.5,N, , ,OP,X,4.0,1972.0, , ,Y,Industrial CHP,7.0,T,NG,,,,,,NG,,,,N,N, ,12H,,,,,,,, , , ,, , , , ,,, , , ,, , ,N,N,N,50481,6196067,1138973.003,5440.047291445766,56.69125000041667,,,2028.0,12.0
180,5610,Eastman Chemical Co-TN Ops,50481.0,Tennessee Eastman Operations,TN,Sullivan,TG21,Natural Gas Steam Turbine,ST,,S,X,X,,,15.0,0.8,15,15,2,N, , ,OP,X,7.0,1969.0, , ,Y,Industrial CHP,7.0,B,NG,,,,,,NG,,,,N,N, ,12H,,,,,,,, , , ,, , , , ,,, , , ,, , ,N,N,N,50481,6196067,1138973.003,5440.047291445766,56.69125000041667,,,2026.0,3.0
181,5610,Eastman Chemical Co-TN Ops,50481.0,Tennessee Eastman Operations,TN,Sullivan,TG22,Conventional Steam Coal,ST,,S,X,X,,,15.4,0.8,15.4,15.4,1.5,N, , ,OP,X,9.0,1982.0, , ,Y,Industrial CHP,7.0,T,BIT,NG,OG,OTH,,,NG,,,,N,N, ,12H,,Y,,,Y,,, , , ,, , , , ,,, , , ,, , ,Y,N,N,50481,6196067,1138973.003,5440.047291445766,56.69125000041667,,,2039.0,5.0
182,5610,Eastman Chemical Co-TN Ops,50481.0,Tennessee Eastman Operations,TN,Sullivan,TG24,Natural Gas Steam Turbine,ST,,S,X,X,,,16.8,0.8,16.8,16.8,2,N, , ,OP,X,7.0,1983.0, , ,Y,Industrial CHP,7.0,B,NG,,,,,,NG,,,,N,N, ,12H,,,,,,,, , , ,, , , , ,,, , , ,, , ,N,N,N,50481,6196067,1138973.003,5440.047291445766,56.69125000041667,,,2040.0,3.0
183,5610,Eastman Chemical Co-TN Ops,50481.0,Tennessee Eastman Operations,TN,Sullivan,TG25,Conventional Steam Coal,ST,,S,X,X,,,18.0,0.8,18,18,2,N, , ,OP,X,12.0,1994.0, , ,Y,Industrial CHP,7.0,T,BIT,NG,OG,OTH,,,NG,,,,N,N, ,12H,,Y,,,Y,,, , , ,, , , , ,,, , , ,, , ,Y,N,N,50481,6196067,1138973.003,5440.047291445766,56.69125000041667,,,2051.0,8.0
184,5610,Eastman Chemical Co-TN Ops,50481.0,Tennessee Eastman Operations,TN,Sullivan,TG26,Conventional Steam Coal,ST,,S,X,X,,,16.6,0.8,16.6,16.6,1.5,N, , ,OP,X,10.0,1994.0, , ,Y,Industrial CHP,7.0,T,BIT,NG,OG,OTH,,,NG,,,,N,N, ,12H,,Y,,,Y,N,, , , ,, , , , ,,, , , ,, , ,Y,N,N,50481,6196067,1138973.003,5440.047291445766,56.69125000041667,,,2051.0,6.0
185,5610,Eastman Chemical Co-TN Ops,50481.0,Tennessee Eastman Operations,TN,Sullivan,TGO7,Conventional Steam Coal,ST,,S,X,X,,,6.0,0.8,6,6,2,N, , ,OP,X,9.0,1936.0, , ,Y,Industrial CHP,7.0,T,BIT,NG,SLW,OTH,,,NG,,,,N,N, ,12H,,Y,,,Y,,, , , ,, , , , ,,, , , ,, , ,Y,N,N,50481,6196067,1138973.003,5440.047291445766,56.69125000041667,,,1993.0,5.0
186,5610,Eastman Chemical Co-TN Ops,50481.0,Tennessee Eastman Operations,TN,Sullivan,TGO8,Conventional Steam Coal,ST,,S,X,X,,,6.0,0.86,6,6,2,N, , ,OP,X,9.0,1939.0, , ,Y,Industrial CHP,7.0,T,BIT,NG,SLW,OTH,,,NG,,,,N,N, ,12H,,Y,,,Y,,, , , ,, , , , ,,, , , ,, , ,Y,N,N,50481,6196067,1138973.003,5440.047291445766,56.69125000041667,,,1996.0,5.0
187,5610,Eastman Chemical Co-TN Ops,50481.0,Tennessee Eastman Operations,TN,Sullivan,TGO9,Conventional Steam Coal,ST,,S,X,X,,,6.0,0.8,6,6,2,N, , ,OP,X,7.0,1941.0, , ,Y,Industrial CHP,7.0,T,BIT,NG,SLW,OTH,,,NG,,,,N,N, ,12H,,Y,,,Y,,, , , ,, , , , ,,, , , ,, , ,Y,N,N,50481,6196067,1138973.003,5440.047291445766,56.69125000041667,,,1998.0,3.0
188,60586,Westlake Chemical Natrium Plant,50491.0,Axiall Natrium Plant,WV,Marshall,GEN4,Natural Gas Steam Turbine,ST,,S,X,X,,,7.5,0.9,7.5,7.5,0.5,N, , ,OP,X,1.0,1943.0, , ,Y,Industrial CHP,7.0,T,NG,OG,,,,,NG,,,,N,N, ,12H,,,,,,,, , , ,, , , , ,,, , , ,N, , ,N,N,N,50491,3221679,752589.996,4280.789031375856,56.69125000041667,,,1999.0,9.0
189,60586,Westlake Chemical Natrium Plant,50491.0,Axiall Natrium Plant,WV,Marshall,GEN6,Natural Gas Steam Turbine,ST,,S,X,X,,,26.0,0.9,26,26,5,N, , ,OP,X,1.0,1954.0, , ,Y,Industrial CHP,7.0,T,NG,OG,,,,,NG,,,,N,N, ,12H,,,,,,,, , , ,, , , , ,,, , , ,N, , ,N,N,N,50491,3221679,752589.996,4280.789031375856,56.69125000041667,,,2010.0,9.0
190,60586,Westlake Chemical Natrium Plant,50491.0,Axiall Natrium Plant,WV,Marshall,GEN7,Natural Gas Steam Turbine,ST,,S,X,X,,,82.0,0.9,82,82,10,N, , ,OP,X,1.0,1966.0, , ,Y,Industrial CHP,7.0,T,NG,,,,,,NG,,,,N,N, ,12H,,,,,,,, , , ,, , , , ,,, , , ,N, , ,N,,,50491,3221679,752589.996,4280.789031375856,60.47333333328333,,,2026.0,7.0
191,58224,"Rausch Creek Generation, LLC",50611.0,Westwood Generation LLC,PA,Schuylkill,GEN1,Conventional Steam Coal,ST,,S,X,X,,,36.0,0.9,30,30,24,N, , ,OP,X,6.0,1987.0, , ,N,IPP Non-CHP,2.0,X,WC,,,,,,DFO,,,,N,N, ,OVER,Y,,,,Y,,, , , ,, , , , ,,, , , ,, , ,N,N,N,50611,2279036,146672.999,15538.210955923794,62.04228968158118,,,2049.0,7.0
192,5519,ExxonMobil Oil Corp,50627.0,ExxonMobil Oil Joliet Refinery,IL,Will,MG,Other Gases,ST,,S,X,X,,,11.2,0.8,11.2,11.2,0,N, , ,OP,X,5.0,1986.0, , ,N,Industrial CHP,7.0,X,OG,NG,,,,,OG,,,,N,N, ,OVER,,,,,,,, , , ,, , , , ,,, , , ,, , ,Y,N,N,50627,418471,46840.025,8934.04732384323,56.69125000041667,,,2043.0,1.0
193,5519,ExxonMobil Oil Corp,50627.0,ExxonMobil Oil Joliet Refinery,IL,Will,STG1,Other Gases,ST,,S,X,X,,,6.5,0.8,3.3,3.3,2,N, , ,OP,X,11.0,1987.0, , ,N,Industrial CHP,7.0,X,OG,NG,,,,,OG,,,,N,N, ,OVER,,,,,,,, , , ,, , , , ,,, , , ,, , ,Y,N,N,50627,418471,46840.025,8934.04732384323,56.69125000041667,,,2044.0,7.0
194,19691,Paulsboro Refining Company - LLC,50628.0,Paulsboro Refinery,NJ,Gloucester,GEN2,Other Gases,ST,UTI1,S,X,X,,,15.0,0.85,14.5,14.5,2,N, , ,OP,X,8.0,1982.0, , ,Y,Industrial CHP,7.0,T,OG,DFO,NG,,,,OG,,,,N,N, ,12H,,,,,,,, , , ,, , , , ,,, , , ,, , ,Y,N,N,50628,418734,80948.44,5172.848297014742,56.69125000041667,,,2039.0,4.0
195,19691,Paulsboro Refining Company - LLC,50628.0,Paulsboro Refinery,NJ,Gloucester,GEN3,Other Gases,ST,UTI1,S,X,X,,,15.0,0.8,14.5,14.5,2,N, , ,OP,X,9.0,1991.0, , ,Y,Industrial CHP,7.0,T,OG,DFO,NG,,,,OG,,,,N,N, ,12H,,,,,,,, , , ,, , , , ,,, , , ,, , ,Y,N,N,50628,418734,80948.44,5172.848297014742,56.69125000041667,,,2048.0,5.0
196,49760,"Covanta Montgomery, Inc.",50657.0,Montgomery County Resource Recovery,MD,Montgomery,GEN1,Municipal Solid Waste,ST,,W,X,X,50825,50825,67.8,0.97,54,56,1,N, , ,OP,X,5.0,1995.0, , ,N,IPP Non-CHP,2.0,X,MSW,,,,,,NG,,,,N,N, ,12H,,,,,,,, , , ,, , , , ,,, , , ,, , ,N,N,N,50657,6078790,352401.001,17249.638856729583,52.60777777797833,,,2047.0,12.0
197,4425,Covanta Fairfax Inc,50658.0,Covanta Fairfax Energy,VA,Fairfax,GEN1,Municipal Solid Waste,ST,,S,X,X,,,62.0,0.9,49,49,10,N, , ,OP,X,3.0,1990.0, , ,N,Commercial Non-CHP,4.0,X,MSW,NG,,,,,NG,,,,N,N, ,12H,,,,,,,, , , ,, , , , ,,, , , ,, , ,N,N,N,50658,11815309,693204.006,17044.490363201967,52.105555555041676,,,2042.0,4.0
198,4425,Covanta Fairfax Inc,50658.0,Covanta Fairfax Energy,VA,Fairfax,GEN2,Municipal Solid Waste,ST,,S,X,X,,,62.0,0.9,49,49,10,N, , ,OP,X,3.0,1990.0, , ,N,Commercial Non-CHP,4.0,X,MSW,NG,,,,,NG,,,,N,N, ,12H,,,,,,,, , , ,, , , , ,,, , , ,, , ,N,N,N,50658,11815309,693204.006,17044.490363201967,52.105555555041676,,,2042.0,4.0
199,4496,Covanta Alexandria/Arlington,50663.0,Covanta Alexandria/Arlington Energy,VA,Alexandria City,GEN1,Municipal Solid Waste,ST,,S,X,X,,,14.5,0.9,14.5,14.5,1.5,N, , ,OP,X,10.0,1987.0, , ,N,Commercial Non-CHP,4.0,X,MSW,,,,,,MSW,,,,N,N, ,12H,,,,,,,, , , ,, , , , ,,, , , ,, , ,N,,,50663,3391086,147065.0,23058.416346513448,58.250555553396644,,,2046.0,1.0
200,4496,Covanta Alexandria/Arlington,50663.0,Covanta Alexandria/Arlington Energy,VA,Alexandria City,GEN2,Municipal Solid Waste,ST,,S,X,X,,,14.5,0.9,14.5,14.5,1.5,N, , ,OP,X,10.0,1987.0, , ,N,Commercial Non-CHP,4.0,X,MSW,,,,,,MSW,,,,N,N, ,12H,,,,,,,, , , ,, , , , ,,, , , ,, , ,N,,,50663,3391086,147065.0,23058.416346513448,58.250555553396644,,,2046.0,1.0
201,19517,United States Steel- Clairton,50729.0,Clairton Works,PA,Allegheny,GEN1,Other Gases,ST,,S,X,X,,,21.0,0.85,16,18,2,N, , ,OP,X,1.0,1955.0, , ,Y,Industrial CHP,7.0,T,OG,NG,,,,,OG,,,,N,N, ,1H,,,,,,,, , , ,, , , , ,,, , , ,, , ,N,N,N,50729,481748,110130.0,4374.3575774085175,56.69125000041667,,,2011.0,9.0
202,19517,United States Steel- Clairton,50729.0,Clairton Works,PA,Allegheny,GEN3,Other Gases,ST,,S,X,X,,,10.0,0.8,8,8,1,N, , ,OP,X,1.0,1955.0, , ,N,Industrial CHP,7.0,X,OG,NG,,,,,OG,,,,N,N, ,1H,,,,,,,, , , ,, , , , ,,, , , ,, , ,N,N,N,50729,481748,110130.0,4374.3575774085175,56.69125000041667,,,2011.0,9.0
203,19519,United States Steel-Mon Valley,50732.0,Mon Valley Works,PA,Allegheny,GEN1,Other Gases,ST,,S,X,X,,,25.0,0.8,30,33,6,N, , ,OP,X,6.0,1943.0, , ,N,Industrial CHP,7.0,X,BFG,OG,NG,,,,NG,,,,N,N, ,12H,,,,,,,, , , ,, , , , ,,, , , ,, , ,Y,Y,N,50732,1988303,450493.005,4413.615700869762,56.69125000041667,,,2000.0,2.0
204,19519,United States Steel-Mon Valley,50732.0,Mon Valley Works,PA,Allegheny,GEN2,Other Gases,ST,,S,X,X,,,25.0,0.8,30,33,6,N, , ,OP,X,6.0,1943.0, , ,N,Industrial CHP,7.0,X,BFG,OG,NG,,,,NG,,,,N,N, ,12H,,,,,,,, , , ,, , , , ,,, , , ,, , ,Y,Y,,50732,1988303,450493.005,4413.615700869762,56.69125000041667,,,2000.0,2.0
205,19519,United States Steel-Mon Valley,50732.0,Mon Valley Works,PA,Allegheny,GEN3,Other Gases,ST,,S,X,X,,,2.5,0.85,1.9,1.9,0.3,N, , ,OP,X,2.0,2002.0, , ,Y,Industrial CHP,7.0,T,BFG,OG,NG,,,,NG,,,,N,N, ,12H,,,,,,,, , , ,, , , , ,,, , , ,, , ,Y,Y,N,50732,1988303,450493.005,4413.615700869762,56.69125000041667,,,2058.0,10.0
206,14432,"Panther Creek Power Operating, LLC",50776.0,Panther Creek Energy Facility,PA,Carbon,GEN1,Conventional Steam Coal,ST,,S,X,X,Panther   50746,PJM    RFC,94.0,0.85,80,80,35,N, , ,OP,X,7.0,1992.0, , ,N,IPP Non-CHP,2.0,X,WC,,,,,,DFO,,,,N,N, ,12H,Y,,,,Y,,, , , ,, , , , ,,, , , ,N, , ,N,N,N,50776,1799270,127227.002,14142.202297590884,59.401597220524955,,,2051.0,12.0
207,18147,RockTenn-Hopewell,50813.0,Hopewell Mill,VA,Hopewell City,GEN1,Wood/Wood Waste Biomass,ST,,S,X,X,,,47.6,0.85,40.7,40.7,8,N, , ,OP,X,12.0,1980.0, , ,Y,Industrial CHP,7.0,B,BLQ,WDS,NG,BIT,RFO,,NG,RFO,,,N,N, ,OVER,,Y,,,Y,,, , , ,, , , , ,,, , , ,, , ,Y,Y,Y,50813,3532014,281923.004,12528.29300868261,58.16037698627501,,,2039.0,2.0
208,4447,Covanta Lancaster Inc,50859.0,Lancaster County Resource Recovery,PA,Lancaster,GEN1,Municipal Solid Waste,ST,,W,X,X,50608,50608,35.7,0.9,32.4,32.4,1,N, , ,OP,X,12.0,1990.0, , ,N,Commercial Non-CHP,4.0,X,MSW,,,,,,PG,,,,N,N, ,12H,,,,,,,, , , ,, , , , ,,, , , ,, , ,N,N,N,50859,4121558,191865.99699999997,21481.44050766849,58.250555553396644,,,2049.0,3.0
209,20541,Wheelabrator Environmental Systems,50885.0,Wheelabrator Gloucester LP,NJ,Gloucester,GEN1,Municipal Solid Waste,ST,,S,X,X,,,14.0,0.85,12,12,4,N, , ,OP,X,1.0,1990.0, , ,N,IPP Non-CHP,2.0,X,MSW,,,,,,NG,,,,N,N, ,12H,,,,,,,, , , ,, , , , ,,, , , ,, , ,N,N,,50885,1843913,82898.0,22243.154237737945,58.250555553396644,,,2048.0,4.0
210,23013,"EIF Northampton GP, LLC",50888.0,Northampton Generating Company LP,PA,Northampton,GEN1,Conventional Steam Coal,ST,,S,X,X,50630,50630,134.1,0.85,112,112,65,N, , ,OP,X,8.0,1995.0, , ,N,IPP Non-CHP,2.0,X,WC,TDF,WDS,PC,WO,,WO,,,,N,N, ,OVER,Y,,,,Y,,, , , ,, , , , ,,, , , ,, , ,Y,Y,N,50888,745246,62055.0,12009.443235839175,56.11355555434499,,,2051.0,9.0
211,20508,WestRock Corp,50900.0,Covington Facility,VA,Alleghany,GEN3,Conventional Steam Coal,ST,,S,X,X,,,10.5,0.85,10.5,10.5,5,N, , ,OP,X,1.0,1951.0, , ,Y,Industrial CHP,7.0,T,BIT,NG,WDS,RFO,DFO,BLQ,NG,RFO,,,N,N, ,12H,,Y,,,Y,,, , , ,, , , , ,,, , , ,, , ,Y,Y,Y,50900,11287604,875859.0020000001,12887.467017208322,54.83955753899558,,,2005.0,11.0
212,20508,WestRock Corp,50900.0,Covington Facility,VA,Alleghany,GEN4,Wood/Wood Waste Biomass,ST,,S,X,X,,,34.0,0.85,32.5,32.5,3,N, , ,OP,X,9.0,1980.0, , ,Y,Industrial CHP,7.0,T,BLQ,BIT,WDS,RFO,NG,DFO,RFO,NG,,,N,N, ,12H,,N,,,N,,, , , ,, , , , ,,, , , ,, , ,Y,Y,Y,50900,11287604,875859.0020000001,12887.467017208322,54.83955753899558,,,2035.0,7.0
213,20508,WestRock Corp,50900.0,Covington Facility,VA,Alleghany,GEN5,Conventional Steam Coal,ST,,S,X,X,,,34.0,0.85,32.5,32.5,3,N, , ,OP,X,9.0,1989.0, , ,Y,Industrial CHP,7.0,T,BIT,WDS,RFO,NG,DFO,BLQ,DFO,NG,,,N,N, ,12H,,Y,,,Y,,, , , ,, , , , ,,, , , ,, , ,Y,Y,Y,50900,11287604,875859.0020000001,12887.467017208322,54.83955753899558,,,2044.0,7.0
214,20508,WestRock Corp,50900.0,Covington Facility,VA,Alleghany,GEN7,Wood/Wood Waste Biomass,ST,,S,X,X,,,82.4,0.85,81,82.4,7,N, , ,OP,X,11.0,2013.0, , ,Y,Industrial CHP,7.0,T,WDS,BLQ,NG,RFO,,,NG,,,,N,N,0,12H,N,,,,,,, , , ,, , , , ,,, , , ,, , ,Y,Y,Y,50900,11287604,875859.0020000001,12887.467017208322,57.54607142968389,,,2071.0,6.0
215,4440,Covanta Union Operations LLC,50960.0,Union County Resource Recovery,NJ,Union,GEN1,Municipal Solid Waste,ST,,W,X,X,,,45.0,0.9,37.5,38.5,18,N, , ,OP,X,2.0,1994.0, , ,N,Commercial Non-CHP,4.0,X,MSW,,,,,,NG,,,,N,N, ,12H,,,,,,,, , , ,, , , , ,,, , , ,, , ,N,,,50960,5460798,311612.0,17524.350795219696,55.51833333249498,,,2049.0,8.0
216,16814,Scrubgrass Reclamation CO. LP.,50974.0,Scrubgrass Reclamation CO. LP.,PA,Venango,GEN1,Conventional Steam Coal,ST,,S,X,X,50789 Scrubgrs-13kv-gen,50789 scrubgrs-13kv-gen,94.7,0.85,82.8,85.2,0,N, , ,OP,X,6.0,1993.0, , ,N,IPP Non-CHP,2.0,X,WC,BIT,SUB,WDS,,,DFO,,,,N,N,0,OVER,Y,,,,Y,,, , , ,, , , , ,,, , , ,, , ,Y,N,N,50974,4120346,305378.998,13492.56506500162,61.03027777696662,,,2054.0,6.0
217,22218,U S Army-Radford,52072.0,Radford Army Ammunition Plant,VA,Montgomery,GEN1,Natural Gas Steam Turbine,ST,,S,X,X,,,6.0,0.85,5.6,5.6,2,N, , ,OP,X,1.0,1990.0, , ,Y,Industrial CHP,7.0,T,NG,DFO,,,,,NG,,,,N,N, ,12H,,N,,,,,, , , ,, , , , ,,, , , ,, , ,Y,N,N,52072,2800860,32129.0,87175.4489713343,59.74555555467165,,,2049.0,10.0
218,22218,U S Army-Radford,52072.0,Radford Army Ammunition Plant,VA,Montgomery,GEN2,Natural Gas Steam Turbine,ST,,S,X,X,,,6.0,0.85,5.6,5.6,2,N, , ,OP,X,1.0,1990.0, , ,Y,Industrial CHP,7.0,T,NG,DFO,,,,,NG,,,,N,N, ,12H,,N,,,,,, , , ,, , , , ,,, , , ,, , ,Y,N,N,52072,2800860,32129.0,87175.4489713343,59.74555555467165,,,2049.0,10.0
219,22218,U S Army-Radford,52072.0,Radford Army Ammunition Plant,VA,Montgomery,GEN3,Natural Gas Steam Turbine,ST,,S,X,X,,,6.0,0.85,5.6,5.6,2,N, , ,OP,X,1.0,1990.0, , ,Y,Industrial CHP,7.0,T,NG,DFO,,,,,NG,,,,N,N, ,12H,,N,,,,,, , , ,, , , , ,,, , , ,, , ,Y,N,N,52072,2800860,32129.0,87175.4489713343,59.74555555467165,,,2049.0,10.0
220,57151,Celanese Acetate LLC,52089.0,Celanese Acetate LLC,VA,Giles,GEN1,Natural Gas Steam Turbine,ST,,S,X,X,,,6.0,0.7,6,6,2,N, , ,OP,X,1.0,1942.0, , ,Y,Industrial CHP,7.0,T,NG,DFO,,,,,NG,,,,N,N, ,12H,,N,,,N,,, , , ,, , , , ,,, , , ,, , ,Y,Y,Y,52089,725997,172350.0,4212.341166231506,56.69125000041667,,,1998.0,9.0
221,57151,Celanese Acetate LLC,52089.0,Celanese Acetate LLC,VA,Giles,GEN2,Natural Gas Steam Turbine,ST,,S,X,X,,,6.0,0.7,6,6,2,N, , ,OP,X,1.0,1942.0, , ,Y,Industrial CHP,7.0,T,NG,DFO,,,,,NG,,,,N,N, ,12H,,N,,,N,,, , , ,, , , , ,,, , , ,, , ,Y,Y,Y,52089,725997,172350.0,4212.341166231506,56.69125000041667,,,1998.0,9.0
222,57151,Celanese Acetate LLC,52089.0,Celanese Acetate LLC,VA,Giles,GEN3,Natural Gas Steam Turbine,ST,,S,X,X,,,6.0,0.7,6,6,2,N, , ,OP,X,1.0,1944.0, , ,Y,Industrial CHP,7.0,T,NG,DFO,,,,,NG,,,,N,N, ,12H,,N,,,N,,, , , ,, , , , ,,, , , ,, , ,Y,Y,Y,52089,725997,172350.0,4212.341166231506,56.69125000041667,,,2000.0,9.0
223,57151,Celanese Acetate LLC,52089.0,Celanese Acetate LLC,VA,Giles,GEN4,Natural Gas Steam Turbine,ST,,S,X,X,,,9.2,0.9,9.2,9.2,2,N, , ,OP,X,1.0,1966.0, , ,Y,Industrial CHP,7.0,T,NG,DFO,,,,,NG,,,,N,N, ,12H,,N,,,N,,, , , ,, , , , ,,, , , ,, , ,Y,Y,Y,52089,725997,172350.0,4212.341166231506,56.69125000041667,,,2022.0,9.0
224,12320,Merck & Co Inc,52148.0,Elkton,VA,Rockingham,GEN1,Natural Gas Steam Turbine,ST,,S,X,X,,,7.2,0.8,6,6,0.5,N, , ,OP,X,6.0,1982.0, , ,Y,Industrial CHP,7.0,T,NG,DFO,,,,,NG,,,,N,N, ,12H,,,,,,,, , , ,, , , , ,,, , , ,, , ,Y,N,Y,52148,62600,10544.0,5937.025796661608,56.69125000041667,,,2039.0,2.0
225,12320,Merck & Co Inc,52148.0,Elkton,VA,Rockingham,GEN5,Natural Gas Steam Turbine,ST,,S,X,X,,,0.4,0.8,0.4,0.4,0.1,N, , ,OP,X,6.0,1982.0, , ,Y,Industrial CHP,7.0,T,NG,DFO,,,,,NG,,,,N,N, ,12H,,,,,,,, , , ,, , , , ,,, , , ,, , ,Y,N,Y,52148,62600,10544.0,5937.025796661608,56.69125000041667,,,2039.0,2.0
226,12320,Merck & Co Inc,52148.0,Elkton,VA,Rockingham,GEN6,Natural Gas Steam Turbine,ST,,S,X,X,,,1.2,0.8,1.2,1.2,0.1,N, , ,OP,X,12.0,2021.0, , ,N,Industrial CHP,7.0,X,NG,DFO,,,,,NG,,,,N,N, ,12H,,,,,,,, , , ,, , , , ,,, , , ,, , ,Y,N,Y,52148,62600,10544.0,5937.025796661608,56.69125000041667,,,2078.0,8.0
227,12320,Merck & Co Inc,52148.0,Elkton,VA,Rockingham,GEN7,Natural Gas Steam Turbine,ST,,S,X,X,,,1.2,0.8,1.2,1.2,1,N, , ,OP,X,12.0,2021.0, , ,N,Industrial CHP,7.0,X,NG,DFO,,,,,NG,,,,N,N, ,12H,,,,,,,, , , ,, , , , ,,, , , ,, , ,Y,N,Y,52148,62600,10544.0,5937.025796661608,56.69125000041667,,,2078.0,8.0
228,9348,International Paper,52152.0,International Paper Franklin Mill,VA,Isle of Wight,GEN9,Wood/Wood Waste Biomass,ST,,S,X,X,1075455179,35010337,36.1,0.85,36.1,36.1,5,N, , ,OP,X,11.0,1977.0, , ,Y,Industrial CHP,7.0,T,BLQ,NG,,,,,NG,,,,N,, ,12H,,N,,,,,, , , ,, , , , ,,, , , ,, , ,Y,Y,,52152,1411243,245414.128,5750.45540980428,56.69125000041667,,,2034.0,7.0
229,56605,Delaware City Refining Company LLC,52193.0,Delaware City Plant,DE,New Castle,G1,Other Gases,ST,,S,X,X,Motiva,Motiva,27.5,1,29.5,29.5,15,N, , ,OP,X,10.0,1956.0, , ,Y,Industrial CHP,7.0,T,OG,NG,,,,,OG,,,,N,N, ,12H,,,,,,,, , , ,, , , , ,,, , , ,, , ,Y,Y,N,52193,1301673,241901.0,5381.015374057983,56.69125000041667,,,2013.0,6.0
230,56605,Delaware City Refining Company LLC,52193.0,Delaware City Plant,DE,New Castle,G2,Other Gases,ST,,S,X,X,Motiva,Motiva,27.5,1,29.5,29.5,15,N, , ,OP,X,10.0,1956.0, , ,Y,Industrial CHP,7.0,T,OG,NG,,,,,OG,,,,N,N, ,12H,,,,,,,, , , ,, , , , ,,, , , ,, , ,Y,Y,N,52193,1301673,241901.0,5381.015374057983,56.69125000041667,,,2013.0,6.0
231,56605,Delaware City Refining Company LLC,52193.0,Delaware City Plant,DE,New Castle,G3,Other Gases,ST,,S,X,X,Motiva,Motiva,75.0,1,66,66,17,N, , ,SB,Y,11.0,1961.0, , ,Y,Industrial CHP,7.0,T,OG,NG,,,,,OG,,,,N,N, ,12H,,,,,,,, , , ,, , , , ,,, , , ,, , ,Y,Y,N,52193,1301673,241901.0,5381.015374057983,56.69125000041667,,,2018.0,7.0
232,56605,Delaware City Refining Company LLC,52193.0,Delaware City Plant,DE,New Castle,G4,Other Gases,ST,,S,X,X,Motiva,Motiva,10.0,1,10,10,3,N, , ,OP,X,6.0,1982.0, , ,Y,Industrial CHP,7.0,T,OG,NG,,,,,OG,,,,N,N, ,12H,,,,,,,, , , ,, , , , ,,, , , ,, , ,Y,Y,N,52193,1301673,241901.0,5381.015374057983,56.69125000041667,,,2039.0,2.0
233,61854,Veolia Energy Operating Service,54081.0,Spruance Operating Services LLC,VA,Richmond City,GEN3,Natural Gas Steam Turbine,ST,,W,X,X,76427823,76427823,57.4,0.85,42.5,42.5,5,N, , ,OP,X,8.0,1992.0, , ,Y,IPP CHP,3.0,T,NG,,,,,,NG,,,,N,N, ,12H,,,N,,N,,, , , ,, , , , ,,, , , ,, , ,N,N,N,54081,612647,52526.0,11663.690362867914,56.955972222499994,,,2049.0,7.0
234,61854,Veolia Energy Operating Service,54081.0,Spruance Operating Services LLC,VA,Richmond City,GEN4,Natural Gas Steam Turbine,ST,,W,X,X,76427825,76427825,57.4,0.85,12.5,12.5,5,N, , ,OP,X,8.0,1992.0, , ,Y,IPP CHP,3.0,T,NG,,,,,,NG,,,,N,N, ,12H,,,N,N,N,,, , , ,, , , , ,,, , , ,, , ,N,N,N,54081,612647,52526.0,11663.690362867914,56.955972222499994,,,2049.0,7.0
235,56616,Clevelandcliffs Warren,54207.0,Clevelandcliffs Warren,OH,Trumbull,GEN1,Other Gases,ST,,S,X,X,,,3.0,0.8,2.8,2.8,1,N, , ,OP,X,10.0,1934.0, , ,Y,Industrial CHP,7.0,T,OG,NG,,,,,OG,,,,N,N, ,12H,,,,,,,, , , ,, , , , ,,, , , ,, , ,Y,N,N,54207,326401,53742.0,6073.480704104797,56.69125000041667,,,1991.0,6.0
236,56616,Clevelandcliffs Warren,54207.0,Clevelandcliffs Warren,OH,Trumbull,GEN2,Other Gases,ST,,S,X,X,,,7.5,0.8,7,7.1,1,N, , ,OP,X,3.0,1940.0, , ,Y,Industrial CHP,7.0,T,OG,NG,,,,,OG,,,,N,N, ,12H,,,,,,,, , , ,, , , , ,,, , , ,, , ,Y,N,N,54207,326401,53742.0,6073.480704104797,56.69125000041667,,,1996.0,11.0
237,56616,Clevelandcliffs Warren,54207.0,Clevelandcliffs Warren,OH,Trumbull,GEN3,Other Gases,ST,,S,X,X,,,10.0,0.8,9.3,9.4,1,N, , ,OP,X,12.0,1981.0, , ,Y,Industrial CHP,7.0,T,OG,NG,,,,,OG,,,,N,N, ,12H,,,,,,,, , , ,, , , , ,,, , , ,, , ,Y,N,N,54207,326401,53742.0,6073.480704104797,56.69125000041667,,,2038.0,8.0
238,13542,Newman & Co Inc,54250.0,Newman (PA),PA,Philadelphia,001,Natural Gas Steam Turbine,ST,,S,X,X,,,1.8,0.8,1.8,1.8,1.6,N, , ,OP,X,5.0,1964.0, , ,Y,Industrial CHP,7.0,T,NG,DFO,,,,,NG,,,,N,N,0,12H,,,,,,,, , , ,, , , , ,,, , , ,, , ,Y,N,Y,54250,51021,11813.0,4319.055278083468,56.69125000041667,,,2021.0,1.0
239,12986,Morton Salt Inc,54335.0,Morton Salt Rittman,OH,Wayne,GEN2,Natural Gas Steam Turbine,ST,,S,X,X,,,2.5,0.8,2.5,2.5,0.5,N, , ,OP,X,2.0,2015.0, , ,Y,Industrial CHP,7.0,B,NG,,,,,,NG,,,,N,N, ,12H,,,,,N,,, , , ,, , , , ,,, , , ,, , ,N,N,N,54335,70604,16258.17,4342.678173496771,56.69125000041667,,,2071.0,10.0
240,4222,Ingredion Inc - Illinois,54556.0,Ingredion Incorporated,IL,Cook,TGO1,Natural Gas Steam Turbine,ST,,S,X,X,,,22.5,0.8,21.1,21.2,5,N, , ,OP,X,5.0,1991.0, , ,Y,Industrial CHP,7.0,T,NG,,,,,,NG,,,,N,N, ,1H,,,,,,,, , , ,, , , , ,,, , , ,N, , ,N,N,,54556,2886767,253819.0,11373.329025801851,56.41458333185667,,,2047.0,10.0
241,4222,Ingredion Inc - Illinois,54556.0,Ingredion Incorporated,IL,Cook,TGO2,Natural Gas Steam Turbine,ST,,S,X,X,,,22.5,0.8,21.1,21.2,5,N, , ,OP,X,5.0,1991.0, , ,Y,Industrial CHP,7.0,T,NG,,,,,,NG,,,,N,N, ,1H,,,,,,,, , , ,, , , , ,,, , , ,N, , ,N,N,,54556,2886767,253819.0,11373.329025801851,56.41458333185667,,,2047.0,10.0
242,56646,Covanta Plymouth Renewable Energy L P,54625.0,Covanta Plymouth Renewable Energy,PA,Montgomery,TGI,Municipal Solid Waste,ST,,S,X,X,PECO,PECO,32.1,0.9,28,28,14,N, , ,OP,X,12.0,1991.0, , ,N,Commercial Non-CHP,4.0,X,MSW,,,,,,DFO,,,,N,N, ,12H,,,,,N,,, , , ,, , , , ,,, , , ,, , ,N,N,N,54625,3780547,204685.999,18469.9833817163,56.198055554921666,,,2048.0,2.0
243,16793,Schuylkill Energy Resource Inc,54634.0,St Nicholas Cogen Project,PA,Schuylkill,SNCP,Conventional Steam Coal,ST,,S,X,X,50601,50601,99.2,0.85,86,86,55,N, , ,OP,X,9.0,1990.0, , ,Y,IPP CHP,3.0,T,WC,,,,,,DFO,,,,N,N, ,OVER,Y,,,,Y,,, , , ,, , , , ,,, , , ,, , ,N,,N,54634,9958744,659691.999,15096.050907235576,53.45986110853332,,,2044.0,3.0
244,56137,Domtar LLC,54638.0,Johnsonburg Mill,PA,Elk,PT1,Wood/Wood Waste Biomass,ST,,S,X,X,50785,50785,54.0,0.9,49,49,12,N, , ,OP,X,2.0,1993.0, , ,Y,Industrial CHP,7.0,T,BLQ,NG,,,,,NG,,,,N,N, ,12H,,N,,,,,, , , ,, , , , ,,, , , ,, , ,Y,Y,N,54638,1279584,205504.001,6226.56490274367,56.69125000041667,,,2049.0,10.0
245,20541,Wheelabrator Environmental Systems,54746.0,Wheelabrator Falls,PA,Bucks,WFI1,Municipal Solid Waste,ST,,S,X,X,50485,50485,53.3,0.85,43.9,43.6,0,N, , ,OP,X,5.0,1994.0, , ,N,IPP Non-CHP,2.0,X,MSW,,,,,,NG,,,,N,N, ,12H,,,,,,,, , , ,, , , , ,,, , , ,, , ,N,N,N,54746,5297997,312135.01,16973.414805343367,53.83805555465165,,,2048.0,3.0
246,7564,Grays Ferry Cogen Partnership,54785.0,Grays Ferry Cogeneration,PA,Philadelphia,GEN1,Natural Gas Steam Turbine,ST,CC1,S,X,X,GRAYFR_113 KV 1 GEN,GRAYFR_113 KV 1 GEN,57.6,0.85,56.6,56.6,6,N, , ,OP,X,10.0,1997.0, , ,Y,IPP CHP,3.0,T,NG,DFO,OBL,,,,NG,,,,N,N, ,12H,,,,,,,, , , ,, , , , ,,, , , ,, , ,Y,Y,Y,54785,1173581,238359.0,4923.585851593604,56.69125000041667,,,2054.0,6.0
247,5277,"American Sugar Refining, Inc.",54795.0,Domino Sugar Baltimore,MD,Baltimore City,GEN1,Natural Gas Steam Turbine,ST,,S,X,X,,,5.0,0.8,5,5,1,N, , ,OP,X,6.0,1959.0, , ,Y,Industrial CHP,7.0,B,NG,RFO,,,,,NG,RFO,,,N,N, ,12H,,,,,,,, , , ,, , , , ,,, , , ,, , ,Y,N,Y,54795,237475,48122.557,4934.795962733236,56.69125000041667,,,2016.0,2.0
248,5277,"American Sugar Refining, Inc.",54795.0,Domino Sugar Baltimore,MD,Baltimore City,GEN2,Natural Gas Steam Turbine,ST,,S,X,X,,,2.5,0.8,2.5,2.5,0.5,N, , ,OP,X,6.0,1955.0, , ,Y,Industrial CHP,7.0,B,NG,RFO,,,,,NG,RFO,,,N,N, ,12H,,,,,,,, , , ,, , , , ,,, , , ,, , ,Y,N,Y,54795,237475,48122.557,4934.795962733236,56.69125000041667,,,2012.0,2.0
249,5277,"American Sugar Refining, Inc.",54795.0,Domino Sugar Baltimore,MD,Baltimore City,GEN4,Natural Gas Steam Turbine,ST,,S,X,X,,,10.0,0.9,10,10,1,N, , ,OP,X,6.0,2001.0, , ,Y,Industrial CHP,7.0,T,NG,,,,,,NG,,,,N,N, ,12H,,,,,,,, , , ,, , , , ,,, , , ,, , ,N,N,N,54795,237475,48122.557,4934.795962733236,56.69125000041667,,,2058.0,2.0
250,2265,Bristol-Myers Squibb Co,54829.0,Bristol Myers Squibb New Brunswick,NJ,Middlesex,GEN2,Natural Gas Steam Turbine,ST,,S,X,X,,,1.0,0.8,0.6,1,0.2,N, , ,SB,Y,8.0,1999.0, , ,Y,Industrial CHP,7.0,T,NG,DFO,,,,,NG,,,,N,N, ,1H,,,,,,,, , , ,, , , , ,,, , , ,N, , ,Y,N,Y,54829,308,64.0,4812.5,56.69125000041667,,,2056.0,4.0
251,4413,Cox Interior Inc,54850.0,Cox Waste to Energy,KY,Taylor,01,Wood/Wood Waste Biomass,ST,,S,X,X,PJM/EKPC  970242670,"N/A, Exempt",4.0,1,3,2.5,0.1,N, , ,OP,X,1.0,1995.0, , ,Y,Industrial CHP,7.0,B,WDS,,,,,,WDS,,,,Y,N, ,12H,,,N,,,,, , , ,, , , , ,,, , , ,, , ,N,N,N,54850,45210,1360.0,33242.64705882353,59.74555555467165,,,2054.0,10.0
252,4413,Cox Interior Inc,54850.0,Cox Waste to Energy,KY,Taylor,02,Wood/Wood Waste Biomass,ST,,S,X,X,PJM/EKPC  970242670,"N/A, Exempt",1.0,0.8,0.3,0.9,0.1,N, , ,OA,X,10.0,2002.0, , ,Y,Industrial CHP,7.0,B,WDS,,,,,,WDS,,,,Y,N, ,12H,,,N,,,,, , , ,, , , , ,,, , , ,, , ,N,N,N,54850,45210,1360.0,33242.64705882353,59.74555555467165,,,2062.0,7.0
253,16694,Sauder Woodworking Co,54974.0,Sauder Power Plant,OH,Fulton,UNT1,Wood/Wood Waste Biomass,ST,,S,X,X,,,3.6,0.85,3.6,3.6,0.5,N, , ,OP,X,10.0,1993.0, , ,Y,IPP CHP,3.0,T,WDS,,,,,,NG,,,,N,N, ,12H,,,,,,,, , , ,, , , , ,,, , , ,N, , ,N,N,N,54974,103668,18258.0,5677.949392047321,56.69125000041667,,,2050.0,6.0
254,16694,Sauder Woodworking Co,54974.0,Sauder Power Plant,OH,Fulton,UNT2,Wood/Wood Waste Biomass,ST,,S,X,X,,,3.6,0.85,3.6,3.6,0.5,N, , ,OP,X,10.0,1993.0, , ,Y,IPP CHP,3.0,T,WDS,,,,,,NG,,,,N,N, ,12H,,,,,,,, , , ,, , , , ,,, , , ,N, , ,N,N,N,54974,103668,18258.0,5677.949392047321,56.69125000041667,,,2050.0,6.0
255,20541,Wheelabrator Environmental Systems,54998.0,Wheelabrator Portsmouth,VA,Portsmouth City,1410,Municipal Solid Waste,ST,,S,X,X,,,20.0,0.8,15.5,15.3,2,N, , ,OP,X,10.0,1987.0, , ,Y,Commercial CHP,5.0,B,MSW,,,,,,DFO,,,,N,N, ,12H,,,,,,,, , , ,, , , , ,,, , , ,, , ,N,N,N,54998,3671446,172106.0,21332.469524595308,58.250555553396644,,,2046.0,1.0
256,20541,Wheelabrator Environmental Systems,54998.0,Wheelabrator Portsmouth,VA,Portsmouth City,1420,Municipal Solid Waste,ST,,S,X,X,,,20.0,0.8,15.5,15.3,2,N, , ,OP,X,3.0,1987.0, , ,Y,Commercial CHP,5.0,B,MSW,,,,,,DFO,,,,N,N, ,12H,,,,,,,, , , ,, , , , ,,, , , ,, , ,N,N,N,54998,3671446,172106.0,21332.469524595308,58.250555553396644,,,2045.0,6.0
257,20541,Wheelabrator Environmental Systems,54998.0,Wheelabrator Portsmouth,VA,Portsmouth City,1430,Municipal Solid Waste,ST,,S,X,X,,,20.0,0.8,15.5,15.3,2,N, , ,OP,X,2.0,1987.0, , ,Y,Commercial CHP,5.0,B,MSW,,,,,,DFO,,,,N,N, ,12H,,,,,,,, , , ,, , , , ,,, , , ,, , ,N,N,N,54998,3671446,172106.0,21332.469524595308,58.250555553396644,,,2045.0,5.0
258,55924,"Longview Power, LLC",56671.0,Longview Power Plant,WV,Monongalia,MKA01,Conventional Steam Coal,ST,,W,X,X,90330101,90330101,807.5,0.98,710,710,280,N, , ,OP,X,12.0,2011.0, , ,N,IPP Non-CHP,2.0,X,BIT,,,,,,NG,,,,N,N,0,12H,,Y,,,,Y,, , , ,, , , , ,,, , , ,, , ,N,N,N,56671,49005556,5551797.973,8826.970332553201,36.468011904904294,,,2048.0,6.0
259,19876,Virginia Electric & Power Co,56808.0,Virginia City Hybrid Energy Center,VA,Wise,1,Conventional Steam Coal,ST,,S,X,X,,,668.0,0.9,610,624,295,N, , ,OP,X,7.0,2012.0, , ,N,Electric Utility,1.0,X,BIT,WDS,DFO,,,,DFO,,,,N,, ,OVER,Y,,,,Y,,, , , ,, , , , ,,, , , ,, , ,Y,Y,,56808,10471385,953703.004,10979.712715678937,42.87108333376665,,,2055.0,5.0
260,56069,"SunCoke Energy, Inc.",56848.0,Haverhill North Cogeneration Facility,OH,Scioto,SCKG1,Other Gases,ST,,S,X,X,N HAVERHILL,N HAVERHILL,67.0,0.95,53,53,10,N, , ,OP,X,12.0,2008.0, , ,Y,IPP CHP,3.0,B,OG,,,,,,NG,,,,Y,, ,12H,,,,,,,, , , ,, , , , ,,, , , ,, , ,N,N,N,56848,1488174,331459.997,4489.754460475664,56.69125000041667,,,2065.0,8.0
261,56069,"SunCoke Energy, Inc.",57822.0,"Middletown Coke Company, LLC",OH,Butler,YNKE,Other Gases,ST,,S,X,X,YANKEE,YANKEE,67.0,0.95,47,47,10,N, , ,OP,X,12.0,2011.0, , ,Y,IPP CHP,3.0,B,OG,NG,,,,,NG,,,,Y,, ,12H,,,,,,,, , , ,, , , , ,,, , , ,, , ,N,N,N,57822,1597017,360405.996,4431.161017643003,56.69125000041667,,,2068.0,8.0
262,58089,Adkins Energy LLC,58136.0,Adkins Energy LLC,IL,Stephenson,ST2MW,Natural Gas Steam Turbine,ST,,S,X,X,,,1.8,0.85,1.8,1.8,0.5,N, , ,OP,X,3.0,2019.0, , ,N,Industrial CHP,7.0,X,NG,,,,,,NG,,,,N,N,0,12H,,,,,,,, , , ,, , , , ,,, , , ,, , ,N,,N,58136,35952,8324.0,4319.077366650648,56.69125000041667,,,2075.0,11.0
263,58159,Penn State University,58194.0,West Campus Steam Plant,PA,Centre,WC 4,Natural Gas Steam Turbine,ST,,S,X,X,,,2.9,0.8,1.5,2.8,0.4,N, , ,OP,X,2.0,2017.0, , ,Y,Commercial CHP,5.0,T,NG,DFO,,,,,NG,,,,N,N, ,12H,,,,,,,, , , ,, , , , ,,, , , ,, , ,Y,N,Y,58194,52677,12878.69,4090.2452035106053,56.69125000041667,,,2073.0,10.0
264,58159,Penn State University,58194.0,West Campus Steam Plant,PA,Centre,WC 5,Natural Gas Steam Turbine,ST,,S,X,X,,,2.2,0.8,1.5,2.2,0.2,N, , ,OP,X,2.0,2017.0, , ,Y,Commercial CHP,5.0,T,NG,DFO,,,,,NG,,,,N,N, ,12H,,,,,,,, , , ,, , , , ,,, , , ,, , ,Y,N,Y,58194,52677,12878.69,4090.2452035106053,56.69125000041667,,,2073.0,10.0
265,58159,Penn State University,58194.0,West Campus Steam Plant,PA,Centre,WC6,Natural Gas Steam Turbine,ST,,S,X,X,,,2.8,0.9,1.8,2.1,0.2,N, , ,OP,X,12.0,2021.0, , ,N,Commercial CHP,5.0,X,NG,DFO,,,,,NG,,,,N,N, ,12H,,,,,,,, , , ,, , , , ,,, , , ,, , ,Y,N,Y,58194,52677,12878.69,4090.2452035106053,56.69125000041667,,,2078.0,8.0
266,58524,South Boston Energy LLC,58560.0,Halifax County Biomass,VA,Halifax,STG1,Wood/Wood Waste Biomass,ST,,W,X,X,1084391751,1084391751,49.9,0.85,45.4,45.4,25,N, , ,OP,X,11.0,2013.0, , ,N,IPP Non-CHP,2.0,X,WDS,,,,,,OBL,,,,N,N, ,12H,,,,,N,,, , , ,, , , , ,,, , , ,, , ,N,N,,58560,3656947,244812.003,14937.776559918102,54.30701388782667,,,2068.0,3.0
267,61457,"Cleveland Thermal, LLC",61838.0,Cleveland Thermal,OH,Cuyahoga,ST1,Natural Gas Steam Turbine,ST,,S,X,X,,,0.5,0.88,0.5,0.5,0.1,N, , ,OP,X,2.0,2017.0, , ,Y,Commercial CHP,5.0,T,NG,,,,,,NG,,,,N,N, ,1H,,,,,,,, , , ,, , , , ,,, , , ,, , ,N,N,N,61838,16252,1429.0,11372.988103568929,56.41458333185667,,,2073.0,7.0
268,61457,"Cleveland Thermal, LLC",61838.0,Cleveland Thermal,OH,Cuyahoga,ST2,Natural Gas Steam Turbine,ST,,S,X,X,,,0.5,0.88,0.5,0.5,0.1,N, , ,OP,X,2.0,2017.0, , ,Y,Commercial CHP,5.0,T,NG,,,,,,NG,,,,N,N, ,1H,,,,,,,, , , ,, , , , ,,, , , ,, , ,N,N,N,61838,16252,1429.0,11372.988103568929,56.41458333185667,,,2073.0,7.0
269,63510,"POET Biorefining - Marion, LLC",63829.0,"POET Biorefining - Marion, LLC",OH,Marion,1,Natural Gas Steam Turbine,ST,,S,X,X,,,3.9,0.9,3.9,3.9,0.5,N, , ,OP,X,8.0,2017.0, , ,Y,Industrial CHP,7.0,T,NG,,,,,,NG,,,,N,N, ,12H,,,,,,,, , , ,, , , , ,,, , , ,, , ,N,,,63829,229685,20195.0,11373.359742510522,56.41458333185667,,,2074.0,1.0
270,63510,"POET Biorefining - Marion, LLC",63829.0,"POET Biorefining - Marion, LLC",OH,Marion,2,Natural Gas Steam Turbine,ST,,S,X,X,,,3.9,0.9,3.9,3.9,0.5,N, , ,OP,X,8.0,2017.0, , ,Y,Industrial CHP,7.0,T,NG,,,,,,NG,,,,N,N, ,12H,,,,,,,, , , ,, , , , ,,, , , ,, , ,N,,,63829,229685,20195.0,11373.359742510522,56.41458333185667,,,2074.0,1.0
271,63588,Fostoria Ethanol,63920.0,POET Biorefining - Fostoria,OH,Seneca,1,Natural Gas Steam Turbine,ST,,S,X,X,,,3.5,0.9,3.5,3.5,0.5,N, , ,OP,X,10.0,2017.0, , ,Y,Industrial CHP,7.0,T,NG,,,,,,NG,,,,N,N, ,12H,,,,,,,, , , ,, , , , ,,, , , ,, , ,N,,,63920,257141,21930.73,11725.145492192918,56.53055555645001,,,2074.0,4.0
272,63585,POET Biorefining - Portland,63922.0,POET Biorefining - Portland,IN,Jay,G-745,Natural Gas Steam Turbine,ST,,S,X,X,,,3.5,0.9,3.5,3.5,0.5,N, , ,OP,X,3.0,2017.0, , ,Y,Industrial CHP,7.0,T,NG,,,,,,NG,,,,N,N, ,12H,,,,,,,, , , ,, , , , ,,, , , ,, , ,N,,,63922,258789,22754.0,11373.340951041575,56.41458333185667,,,2073.0,8.0
273,63587,"POET Biorefining - Alexandria, LLC.",63924.0,"POET Biorefining- Alexandria, LLC",IN,Madison,1,Natural Gas Steam Turbine,ST,,S,X,X,,,3.6,0.9,3.6,3.6,0.5,N, , ,OP,X,4.0,2008.0, , ,Y,Industrial CHP,7.0,T,NG,,,,,,NG,,,,N,N, ,12H,,,,,,,, , , ,, , , , ,,, , , ,, , ,N,,,63924,188877,16607.0,11373.336544830494,56.41458333185667,,,2064.0,9.0
274,63594,"POET Biorefining - Leipsic, LLC",63927.0,"POET Biorefining - Leipsic, LLC",OH,Putnam,1,Natural Gas Steam Turbine,ST,,S,X,X,,,3.5,0.9,3.5,3.5,0.5,N, , ,OP,X,7.0,2017.0, , ,Y,Industrial CHP,7.0,T,NG,,,,,,NG,,,,N,N, ,12H,,,,,,,, , , ,, , , , ,,, , , ,, , ,N,,,63927,139185,11870.86,11724.929786047514,56.53055555645001,,,2074.0,1.0
