,Utility ID,Utility Name,Plant Code,Plant Name,State,County,Generator ID,Technology,Prime Mover,Unit Code,Ownership,Duct Burners,Can Bypass Heat Recovery Steam Generator?,RTO/ISO LMP Node Designation,RTO/ISO Location Designation for Reporting Wholesale Sales Data to FERC,Heatrate,CHP,Nameplate Capacity (MW),Nameplate Power Factor,Summer Capacity (MW),Winter Capacity (MW),Minimum Load (MW),Uprate or Derate Completed During Year,Month Uprate or Derate Completed,Year Uprate or Derate Completed,Status,Synchronized to Transmission Grid,Operating Month,Operating Year,Retirement Month,Retirement Year,plant life,Associated with Combined Heat and Power System,Sector Name,Sector,Topping or Bottoming,Energy Source 1,Energy Source 2,Energy Source 3,Energy Source 4,Energy Source 5,Energy Source 6,Startup Source 1,Startup Source 2,Startup Source 3,Startup Source 4,Solid Fuel Gasification System?,Carbon Capture Technology?,Turbines or Hydrokinetic Buoys,Time from Cold Shutdown to Full Load,Fluidized Bed Technology?,Pulverized Coal Technology?,Stoker Technology?,Other Combustion Technology?,Subcritical Technology?,Supercritical Technology?,Ultrasupercritical Technology?,Multiple Fuels?,Cofire Fuels?,Switch Between Oil and Natural Gas?,fuel switching
0,3522,Chugach Electric Assn Inc,75,Hank Nikkels Plant 1,AK,Anchorage,1,Natural Gas Fired Combustion Turbine,GT,,S,X,X,,,14577.81144,0,12.5,0.8,14,16.2, ,N, , ,RE,X,11,1962,12,2016,54.08333333,N,Electric Utility,1,X,NG,DFO,,,,,,,,,N,N, ,1H,,,,,,,,N,Y,Y,1
1,3522,Chugach Electric Assn Inc,75,Hank Nikkels Plant 1,AK,Anchorage,2,Natural Gas Fired Combustion Turbine,GT,,S,X,X,,,14577.81144,0,12.5,0.8,14,16.2, ,N, , ,RE,X,3,1962,12,2016,54.75,N,Electric Utility,1,X,NG,DFO,,,,,,,,,N,N, ,1H,,,,,,,,N,Y,Y,1
2,3522,Chugach Electric Assn Inc,75,Hank Nikkels Plant 1,AK,Anchorage,3,Natural Gas Fired Combustion Turbine,GT,,S,X,X,,,14577.81144,0,16.3, ,17.7,19.4, ,N, , ,RE,X,12,1968,8,2004,35.66666667,N,Electric Utility,1,X,NG,DFO,,,,,,,,,N,, ,,,,,,,,,N,Y,Y,1
3,7294,City of Glendale - (CA),377,Grayson,CA,Los Angeles,6,Natural Gas Fired Combustion Turbine,GT,,S,X,X,,,12499.79079,0,22, ,15,18, ,N, , ,RE,X,4,1972,3,2004,31.91666667,N,Electric Utility,1,X,NG,DFO,,,,,,,,,N,, ,,,,,,,,,,,,0
4,7294,City of Glendale - (CA),377,Grayson,CA,Los Angeles,7,Natural Gas Fired Combustion Turbine,GT,,S,X,X,,,12499.79079,0,31, ,20,23, ,N, , ,RE,X,2,1974,11,2002,28.75,N,Electric Utility,1,X,NG,DFO,,,,,,,,,,, ,,,,,,,,,,,,0
5,6452,Florida Power & Light Co,612,Fort Myers,FL,Lee,11,Petroleum Liquids,GT,,S,X,X,,,13414.02394,0,62,0.9,54,60,5,N, , ,RE,X,5,1974,12,2016,42.58333333,N,Electric Utility,1,X,DFO,,,,,,,,,,N,, ,10M,,,,,,,,,,N,0
6,6452,Florida Power & Light Co,612,Fort Myers,FL,Lee,12,Petroleum Liquids,GT,,S,X,X,,,13414.02394,0,62,0.9,54,60,5,N, , ,RE,X,5,1974,12,2016,42.58333333,N,Electric Utility,1,X,DFO,,,,,,,,,,N,, ,10M,,,,,,,,,,N,0
7,6452,Florida Power & Light Co,612,Fort Myers,FL,Lee,3,Petroleum Liquids,GT,,S,X,X,,,13414.02394,0,62,0.9,54,60,5,N, , ,RE,X,5,1974,12,2016,42.58333333,N,Electric Utility,1,X,DFO,,,,,,,,,,N,, ,10M,,,,,,,,,,,0
8,6452,Florida Power & Light Co,612,Fort Myers,FL,Lee,4,Petroleum Liquids,GT,,S,X,X,,,13414.02394,0,62,0.9,54,60,5,N, , ,RE,X,5,1974,12,2016,42.58333333,N,Electric Utility,1,X,DFO,,,,,,,,,,N,, ,10M,,,,,,,,,,,0
9,6452,Florida Power & Light Co,612,Fort Myers,FL,Lee,5,Petroleum Liquids,GT,,S,X,X,,,13414.02394,0,62,0.9,54,60,5,N, , ,RE,X,5,1974,12,2016,42.58333333,N,Electric Utility,1,X,DFO,,,,,,,,,,N,, ,10M,,,,,,,,,,,0
10,6452,Florida Power & Light Co,612,Fort Myers,FL,Lee,6,Petroleum Liquids,GT,,S,X,X,,,13414.02394,0,62,0.9,54,60,5,N, , ,RE,X,5,1974,12,2016,42.58333333,N,Electric Utility,1,X,DFO,,,,,,,,,,N,, ,10M,,,,,,,,,,,0
11,6452,Florida Power & Light Co,612,Fort Myers,FL,Lee,7,Petroleum Liquids,GT,,S,X,X,,,13414.02394,0,62,0.9,54,60,5,N, , ,RE,X,5,1974,12,2016,42.58333333,N,Electric Utility,1,X,DFO,,,,,,,,,,N,, ,10M,,,,,,,,,,,0
12,6452,Florida Power & Light Co,612,Fort Myers,FL,Lee,8,Petroleum Liquids,GT,,S,X,X,,,13414.02394,0,62,0.9,54,60,5,N, , ,RE,X,5,1974,12,2016,42.58333333,N,Electric Utility,1,X,DFO,,,,,,,,,,N,, ,10M,,,,,,,,,,,0
13,6452,Florida Power & Light Co,612,Fort Myers,FL,Lee,G10,Petroleum Liquids,GT,,S,X,X,,,13414.02394,0,62,0.9,54,60,5,N, , ,RE,X,5,1974,12,2016,42.58333333,N,Electric Utility,1,X,DFO,,,,,,,,,,N,, ,10M,,,,,,,,,,,0
14,6452,Florida Power & Light Co,612,Fort Myers,FL,Lee,GT2,Petroleum Liquids,GT,,S,X,X,,,13414.02394,0,62,0.9,54,60,5,N, , ,RE,X,5,1974,12,2016,42.58333333,N,Electric Utility,1,X,DFO,,,,,,,,,,N,, ,10M,,,,,,,,,,,0
15,6452,Florida Power & Light Co,613,Lauderdale,FL,Broward,1,Natural Gas Fired Combustion Turbine,GT,,S,X,X,,,17147.01692,0,34.2,0.85,35,40,5,N, , ,RE,X,8,1970,12,2016,46.33333333,N,Electric Utility,1,X,NG,DFO,,,,,,,,,N,, ,10M,,,,,,,,Y,N,Y,1
16,6452,Florida Power & Light Co,613,Lauderdale,FL,Broward,10,Natural Gas Fired Combustion Turbine,GT,,S,X,X,,,17147.01692,0,34.2,0.85,35,40,5,N, , ,RE,X,8,1970,12,2016,46.33333333,N,Electric Utility,1,X,NG,DFO,,,,,,,,,N,, ,10M,,,,,,,,Y,N,Y,1
17,6452,Florida Power & Light Co,613,Lauderdale,FL,Broward,11,Natural Gas Fired Combustion Turbine,GT,,S,X,X,,,17147.01692,0,34.2,0.85,35,40,5,N, , ,RE,X,8,1970,12,2016,46.33333333,N,Electric Utility,1,X,NG,DFO,,,,,,,,,N,, ,10M,,,,,,,,Y,N,Y,1
18,6452,Florida Power & Light Co,613,Lauderdale,FL,Broward,12,Natural Gas Fired Combustion Turbine,GT,,S,X,X,,,17147.01692,0,34.2,0.85,35,40,5,N, , ,RE,X,8,1970,12,2016,46.33333333,N,Electric Utility,1,X,NG,DFO,,,,,,,,,N,, ,10M,,,,,,,,Y,N,Y,1
19,6452,Florida Power & Light Co,613,Lauderdale,FL,Broward,13,Natural Gas Fired Combustion Turbine,GT,,S,X,X,,,17147.01692,0,34.2,0.85,35,40,5,N, , ,RE,X,8,1972,12,2016,44.33333333,N,Electric Utility,1,X,NG,DFO,,,,,,,,,N,, ,10M,,,,,,,,Y,N,Y,1
20,6452,Florida Power & Light Co,613,Lauderdale,FL,Broward,14,Natural Gas Fired Combustion Turbine,GT,,S,X,X,,,17147.01692,0,34.2,0.85,35,40,5,N, , ,RE,X,8,1972,12,2016,44.33333333,N,Electric Utility,1,X,NG,DFO,,,,,,,,,N,, ,10M,,,,,,,,Y,N,Y,1
21,6452,Florida Power & Light Co,613,Lauderdale,FL,Broward,15,Natural Gas Fired Combustion Turbine,GT,,S,X,X,,,17147.01692,0,34.2,0.85,35,40,5,N, , ,RE,X,8,1972,12,2016,44.33333333,N,Electric Utility,1,X,NG,DFO,,,,,,,,,N,, ,10M,,,,,,,,Y,N,Y,1
22,6452,Florida Power & Light Co,613,Lauderdale,FL,Broward,16,Natural Gas Fired Combustion Turbine,GT,,S,X,X,,,17147.01692,0,34.2,0.85,35,40,5,N, , ,RE,X,8,1972,12,2016,44.33333333,N,Electric Utility,1,X,NG,DFO,,,,,,,,,N,, ,10M,,,,,,,,Y,N,Y,1
23,6452,Florida Power & Light Co,613,Lauderdale,FL,Broward,17,Natural Gas Fired Combustion Turbine,GT,,S,X,X,,,17147.01692,0,34.2,0.85,35,40,5,N, , ,RE,X,8,1972,12,2016,44.33333333,N,Electric Utility,1,X,NG,DFO,,,,,,,,,N,, ,10M,,,,,,,,Y,N,Y,1
24,6452,Florida Power & Light Co,613,Lauderdale,FL,Broward,18,Natural Gas Fired Combustion Turbine,GT,,S,X,X,,,17147.01692,0,34.2,0.85,35,40,5,N, , ,RE,X,8,1972,12,2016,44.33333333,N,Electric Utility,1,X,NG,DFO,,,,,,,,,N,, ,10M,,,,,,,,Y,N,Y,1
25,6452,Florida Power & Light Co,613,Lauderdale,FL,Broward,19,Natural Gas Fired Combustion Turbine,GT,,S,X,X,,,17147.01692,0,34.2,0.85,35,40,5,N, , ,RE,X,8,1972,12,2016,44.33333333,N,Electric Utility,1,X,NG,DFO,,,,,,,,,N,, ,10M,,,,,,,,Y,N,Y,1
26,6452,Florida Power & Light Co,613,Lauderdale,FL,Broward,2,Natural Gas Fired Combustion Turbine,GT,,S,X,X,,,17147.01692,0,34.2,0.85,35,40,5,N, , ,RE,X,8,1970,12,2016,46.33333333,N,Electric Utility,1,X,NG,DFO,,,,,,,,,N,, ,10M,,,,,,,,Y,N,Y,1
27,6452,Florida Power & Light Co,613,Lauderdale,FL,Broward,20,Natural Gas Fired Combustion Turbine,GT,,S,X,X,,,17147.01692,0,34.2,0.85,35,40,5,N, , ,RE,X,8,1972,12,2016,44.33333333,N,Electric Utility,1,X,NG,DFO,,,,,,,,,N,, ,10M,,,,,,,,Y,N,Y,1
28,6452,Florida Power & Light Co,613,Lauderdale,FL,Broward,21,Natural Gas Fired Combustion Turbine,GT,,S,X,X,,,17147.01692,0,34.2,0.85,35,40,5,N, , ,RE,X,8,1972,12,2016,44.33333333,N,Electric Utility,1,X,NG,DFO,,,,,,,,,N,, ,10M,,,,,,,,Y,N,Y,1
29,6452,Florida Power & Light Co,613,Lauderdale,FL,Broward,22,Natural Gas Fired Combustion Turbine,GT,,S,X,X,,,17147.01692,0,34.2,0.85,35,40,5,N, , ,RE,X,8,1972,12,2016,44.33333333,N,Electric Utility,1,X,NG,DFO,,,,,,,,,N,, ,10M,,,,,,,,Y,N,Y,1
30,6452,Florida Power & Light Co,613,Lauderdale,FL,Broward,23,Natural Gas Fired Combustion Turbine,GT,,S,X,X,,,17147.01692,0,34.2,0.85,35,40,5,N, , ,RE,X,8,1972,12,2016,44.33333333,N,Electric Utility,1,X,NG,DFO,,,,,,,,,N,, ,10M,,,,,,,,Y,N,Y,1
31,6452,Florida Power & Light Co,613,Lauderdale,FL,Broward,24,Natural Gas Fired Combustion Turbine,GT,,S,X,X,,,17147.01692,0,34.2,0.85,35,40,5,N, , ,RE,X,8,1972,12,2016,44.33333333,N,Electric Utility,1,X,NG,DFO,,,,,,,,,N,, ,10M,,,,,,,,Y,N,Y,1
32,6452,Florida Power & Light Co,613,Lauderdale,FL,Broward,4,Natural Gas Fired Combustion Turbine,GT,,S,X,X,,,17147.01692,0,34.2,0.85,35,40,5,N, , ,RE,X,8,1970,12,2016,46.33333333,N,Electric Utility,1,X,NG,DFO,,,,,,,,,N,, ,10M,,,,,,,,Y,N,Y,1
33,6452,Florida Power & Light Co,613,Lauderdale,FL,Broward,6,Natural Gas Fired Combustion Turbine,GT,,S,X,X,,,17147.01692,0,34.2,0.85,35,40,5,N, , ,RE,X,8,1970,12,2016,46.33333333,N,Electric Utility,1,X,NG,DFO,,,,,,,,,N,, ,10M,,,,,,,,Y,N,Y,1
34,6452,Florida Power & Light Co,613,Lauderdale,FL,Broward,7,Natural Gas Fired Combustion Turbine,GT,,S,X,X,,,17147.01692,0,34.2,0.85,35,40,5,N, , ,RE,X,8,1970,12,2016,46.33333333,N,Electric Utility,1,X,NG,DFO,,,,,,,,,N,, ,10M,,,,,,,,Y,N,Y,1
35,6452,Florida Power & Light Co,613,Lauderdale,FL,Broward,8,Natural Gas Fired Combustion Turbine,GT,,S,X,X,,,17147.01692,0,34.2,0.85,35,40,5,N, , ,RE,X,8,1970,12,2016,46.33333333,N,Electric Utility,1,X,NG,DFO,,,,,,,,,N,, ,10M,,,,,,,,Y,N,Y,1
36,6452,Florida Power & Light Co,613,Lauderdale,FL,Broward,9,Natural Gas Fired Combustion Turbine,GT,,S,X,X,,,17147.01692,0,34.2,0.85,35,40,5,N, , ,RE,X,8,1970,12,2016,46.33333333,N,Electric Utility,1,X,NG,DFO,,,,,,,,,N,, ,10M,,,,,,,,Y,N,Y,1
37,6452,Florida Power & Light Co,617,Port Everglades,FL,Broward,10,Natural Gas Fired Combustion Turbine,GT,,S,X,X,,,18244.40966,0,34.2,0.85,35,40,5,N, , ,RE,X,8,1971,12,2016,45.33333333,N,Electric Utility,1,X,NG,DFO,,,,,,,,,N,, ,10M,,,,,,,,,N,Y,1
38,6452,Florida Power & Light Co,617,Port Everglades,FL,Broward,11,Natural Gas Fired Combustion Turbine,GT,,S,X,X,,,18244.40966,0,34.2,0.85,35,40,5,N, , ,RE,X,8,1971,12,2016,45.33333333,N,Electric Utility,1,X,NG,DFO,,,,,,,,,N,, ,10M,,,,,,,,,N,Y,1
39,6452,Florida Power & Light Co,617,Port Everglades,FL,Broward,12,Natural Gas Fired Combustion Turbine,GT,,S,X,X,,,18244.40966,0,34.2,0.85,35,40,5,N, , ,RE,X,8,1971,12,2016,45.33333333,N,Electric Utility,1,X,NG,DFO,,,,,,,,,N,, ,10M,,,,,,,,,N,Y,1
40,6452,Florida Power & Light Co,617,Port Everglades,FL,Broward,6,Natural Gas Fired Combustion Turbine,GT,,S,X,X,,,18244.40966,0,34.2,0.85,35,40,5,N, , ,RE,X,8,1971,12,2016,45.33333333,N,Electric Utility,1,X,NG,DFO,,,,,,,,,N,, ,10M,,,,,,,,,N,Y,1
41,6452,Florida Power & Light Co,617,Port Everglades,FL,Broward,7,Natural Gas Fired Combustion Turbine,GT,,S,X,X,,,18244.40966,0,34.2,0.85,35,40,5,N, , ,RE,X,8,1971,12,2016,45.33333333,N,Electric Utility,1,X,NG,DFO,,,,,,,,,N,, ,10M,,,,,,,,,N,Y,1
42,6452,Florida Power & Light Co,617,Port Everglades,FL,Broward,8,Natural Gas Fired Combustion Turbine,GT,,S,X,X,,,18244.40966,0,34.2,0.85,35,40,5,N, , ,RE,X,8,1971,12,2016,45.33333333,N,Electric Utility,1,X,NG,DFO,,,,,,,,,N,, ,10M,,,,,,,,,N,Y,1
43,6452,Florida Power & Light Co,617,Port Everglades,FL,Broward,9,Natural Gas Fired Combustion Turbine,GT,,S,X,X,,,18244.40966,0,34.2,0.85,35,40,5,N, , ,RE,X,8,1971,12,2016,45.33333333,N,Electric Utility,1,X,NG,DFO,,,,,,,,,N,, ,10M,,,,,,,,,N,Y,1
44,6452,Florida Power & Light Co,617,Port Everglades,FL,Broward,GT1,Natural Gas Fired Combustion Turbine,GT,,S,X,X,,,18244.40966,0,34.2,0.85,35,40,5,N, , ,RE,X,8,1971,12,2016,45.33333333,N,Electric Utility,1,X,NG,DFO,,,,,,,,,N,, ,10M,,,,,,,,,N,Y,1
45,6452,Florida Power & Light Co,617,Port Everglades,FL,Broward,GT2,Natural Gas Fired Combustion Turbine,GT,,S,X,X,,,18244.40966,0,34.2,0.85,35,40,5,N, , ,RE,X,8,1971,12,2016,45.33333333,N,Electric Utility,1,X,NG,DFO,,,,,,,,,N,, ,10M,,,,,,,,,N,Y,1
46,6452,Florida Power & Light Co,617,Port Everglades,FL,Broward,GT3,Natural Gas Fired Combustion Turbine,GT,,S,X,X,,,18244.40966,0,34.2,0.85,35,40,5,N, , ,RE,X,8,1971,12,2016,45.33333333,N,Electric Utility,1,X,NG,DFO,,,,,,,,,N,, ,10M,,,,,,,,,N,Y,1
47,6452,Florida Power & Light Co,617,Port Everglades,FL,Broward,GT4,Natural Gas Fired Combustion Turbine,GT,,S,X,X,,,18244.40966,0,34.2,0.85,35,40,5,N, , ,RE,X,8,1971,12,2016,45.33333333,N,Electric Utility,1,X,NG,DFO,,,,,,,,,N,, ,10M,,,,,,,,,N,Y,1
48,6452,Florida Power & Light Co,617,Port Everglades,FL,Broward,GT5,Natural Gas Fired Combustion Turbine,GT,,S,X,X,,,18244.40966,0,34.2,0.85,35,40,5,N, , ,RE,X,8,1971,12,2016,45.33333333,N,Electric Utility,1,X,NG,DFO,,,,,,,,,N,, ,10M,,,,,,,,,N,Y,1
49,6455,"Duke Energy Florida, LLC",624,Avon Park,FL,Highlands,P1,Natural Gas Fired Combustion Turbine,GT,,S,X,X,,,16188.09297,0,33.7,0.85,24,25,5,N, , ,RE,X,12,1968,10,2020,51.83333333,N,Electric Utility,1,X,NG,DFO,,,,,,,,,N,N, ,10M,,,,,,,,Y,N,Y,1
50,6455,"Duke Energy Florida, LLC",624,Avon Park,FL,Highlands,P2,Petroleum Liquids,GT,,S,X,X,,,16188.09297,0,33.7,0.85,24,25,5,N, , ,RE,X,12,1968,10,2020,51.83333333,N,Electric Utility,1,X,DFO,,,,,,,,,,N,N, ,10M,,,,,,,,N,,,0
51,6455,"Duke Energy Florida, LLC",629,G E Turner,FL,Volusia,P1,Petroleum Liquids,GT,,S,X,X,,,14933.4999,0,19.2,0.85,10,13,5,, , ,RE,X,10,1970,3,2016,45.41666667,N,Electric Utility,1,X,DFO,,,,,,,,,,N,N, ,1H,,,,,,,,N,N,,0
52,6455,"Duke Energy Florida, LLC",629,G E Turner,FL,Volusia,P2,Petroleum Liquids,GT,,S,X,X,,,14933.4999,0,19.2,0.85,10,13,5,, , ,RE,X,10,1970,3,2016,45.41666667,N,Electric Utility,1,X,DFO,,,,,,,,,,N,N, ,1H,,,,,,,,N,N,,0
53,6455,"Duke Energy Florida, LLC",629,G E Turner,FL,Volusia,P3,Petroleum Liquids,GT,,S,X,X,,,14933.4999,0,71.2,0.9,53,50,40,, , ,RE,X,8,1974,7,2015,40.91666667,N,Electric Utility,1,X,DFO,,,,,,,,,,N,N, ,1H,,,,,,,,N,N,,0
54,6455,"Duke Energy Florida, LLC",629,G E Turner,FL,Volusia,P4,Petroleum Liquids,GT,,S,X,X,,,14933.4999,0,71.2,0.9,59,78,40,, , ,RE,X,8,1974,3,2016,41.58333333,N,Electric Utility,1,X,DFO,,,,,,,,,,N,N, ,1H,,,,,,,,N,N,,0
55,6455,"Duke Energy Florida, LLC",630,Higgins,FL,Pinellas,P1,Natural Gas Fired Combustion Turbine,GT,,S,X,X,,,17286.36994,0,33.7,0.85,20,20,12,, , ,RE,X,3,1969,3,2019,50,N,Electric Utility,1,X,NG,,,,,,,,,,N,N, ,10M,,,,,,,,N,N,N,0
56,6455,"Duke Energy Florida, LLC",630,Higgins,FL,Pinellas,P2,Natural Gas Fired Combustion Turbine,GT,,S,X,X,,,17286.36994,0,33.7,0.85,25,25,12,N, , ,RE,X,4,1969,12,2019,50.66666667,N,Electric Utility,1,X,NG,,,,,,,,,,N,N, ,10M,,,,,,,,N,N,N,0
57,6455,"Duke Energy Florida, LLC",630,Higgins,FL,Pinellas,P3,Natural Gas Fired Combustion Turbine,GT,,S,X,X,,,17286.36994,0,42.9,0.85,31,36,12,N, , ,RE,X,12,1970,12,2019,49,N,Electric Utility,1,X,NG,,,,,,,,,,N,N, ,10M,,,,,,,,N,N,N,0
58,6455,"Duke Energy Florida, LLC",630,Higgins,FL,Pinellas,P4,Natural Gas Fired Combustion Turbine,GT,,S,X,X,,,17286.36994,0,42.9,0.85,31,35,12,N, , ,RE,X,1,1971,12,2019,48.91666667,N,Electric Utility,1,X,NG,,,,,,,,,,N,N, ,10M,,,,,,,,N,N,N,0
59,6455,"Duke Energy Florida, LLC",637,Rio Pinar,FL,Orange,P1,Petroleum Liquids,GT,,S,X,X,,,17629.59285,0,19.2,0.85,12,15,10,, , ,RE,X,11,1970,3,2016,45.33333333,N,Electric Utility,1,X,DFO,,,,,,,,,,N,N, ,1H,,,,,,,,N,,,0
60,18454,Tampa Electric Co,645,Big Bend,FL,Hillsborough,GT1,Petroleum Liquids,GT,,S,X,X,,,25602.01511,0,18, ,10,11, ,N, , ,RE,X,2,1969,12,2008,39.83333333,N,Electric Utility,1,X,DFO,,,,,,,,,,N,, ,,,,,,,,,,,,0
61,18454,Tampa Electric Co,645,Big Bend,FL,Hillsborough,GT2,Petroleum Liquids,GT,,S,X,X,,,25602.01511,0,78.7, ,49,79, ,N, , ,RE,X,11,1974,12,2008,34.08333333,N,Electric Utility,1,X,DFO,,,,,,,,,,N,, ,,,,,,,,,,,,0
62,18454,Tampa Electric Co,645,Big Bend,FL,Hillsborough,GT3,Petroleum Liquids,GT,,S,X,X,,,25602.01511,0,78.7, ,39,39, ,N, , ,RE,X,11,1974,12,2008,34.08333333,N,Electric Utility,1,X,DFO,,,,,,,,,,N,, ,,,,,,,,,,,,0
63,6909,Gainesville Regional Utilities,664,John R Kelly,FL,Alachua,GT1,Natural Gas Fired Combustion Turbine,GT,,S,X,X,,,101675.6315,0,16.3,0.85,14,15, ,, , ,RE,X,2,1968,10,2013,45.66666667,N,Electric Utility,1,X,NG,DFO,,,,,,,,,,, ,,,,,,,,,,N,Y,1
64,6909,Gainesville Regional Utilities,664,John R Kelly,FL,Alachua,GT2,Natural Gas Fired Combustion Turbine,GT,,S,X,X,,,101675.6315,0,16.3,0.85,14,15, ,, , ,RE,X,9,1968,10,2013,45.08333333,N,Electric Utility,1,X,NG,DFO,,,,,,,,,,, ,,,,,,,,,,N,Y,1
65,6909,Gainesville Regional Utilities,664,John R Kelly,FL,Alachua,GT3,Natural Gas Fired Combustion Turbine,GT,,S,X,X,,,101675.6315,0,16.3,0.85,14,15, ,, , ,RE,X,5,1969,10,2013,44.41666667,N,Electric Utility,1,X,NG,DFO,,,,,,,,,,, ,,,,,,,,,,N,Y,1
66,9617,JEA,666,J D Kennedy,FL,Duval,GT3,Petroleum Liquids,GT,,S,X,X,,,12828.92629,0,56.2, ,54,62.7, ,N, , ,RE,X,8,1973,4,2009,35.66666667,N,Electric Utility,1,X,DFO,,,,,,,,,,N,, ,,,,,,,,,,,,0
67,9617,JEA,666,J D Kennedy,FL,Duval,GT4,Petroleum Liquids,GT,,S,X,X,,,12828.92629,0,56.2, ,54,62.7, ,N, , ,RE,X,7,1973,4,2008,34.75,N,Electric Utility,1,X,DFO,,,,,,,,,,N,, ,,,,,,,,,,,,0
68,9617,JEA,666,J D Kennedy,FL,Duval,GT5,Petroleum Liquids,GT,,S,X,X,,,12828.92629,0,56.2, ,54,62.7, ,N, , ,RE,X,11,1973,4,2008,34.41666667,N,Electric Utility,1,X,DFO,,,,,,,,,,N,, ,,,,,,,,,,,,0
69,18445,City of Tallahassee - (FL),688,Arvah B Hopkins,FL,Leon,GT1,Natural Gas Fired Combustion Turbine,GT,,S,X,X,,,10360.16508,0,16.3,0.85,12,14,3,N, , ,RE,X,2,1970,5,2017,47.25,N,Electric Utility,1,X,NG,DFO,,,,,NG,DFO,,,N,N, ,1H,,,,,,,,Y,N,Y,1
70,18445,City of Tallahassee - (FL),688,Arvah B Hopkins,FL,Leon,GT2,Natural Gas Fired Combustion Turbine,GT,,S,X,X,,,10360.16508,0,27,0.85,24,26,3,N, , ,RE,X,9,1972,5,2017,44.66666667,N,Electric Utility,1,X,NG,DFO,,,,,NG,DFO,,,N,N, ,1H,,,,,,,,Y,N,Y,1
71,7140,Georgia Power Co,703,Bowen,GA,Bartow,6,Petroleum Liquids,GT,,S,X,X,,,17054.6875,0,41.8, ,32,40, ,N, , ,RE,X,5,1971,4,2013,41.91666667,N,Electric Utility,1,X,DFO,,,,,,,,,,N,, ,,,,,,,,,,,,0
72,7140,Georgia Power Co,727,Mitchell (GA),GA,Dougherty,4A,Petroleum Liquids,GT,,S,X,X,,,21502.6616,0,41.8,0.9,31,40,31,N, , ,RE,X,5,1971,8,2016,45.25,N,Electric Utility,1,X,DFO,,,,,,,,,,N,, ,1H,,,,,,,,,,,0
73,7140,Georgia Power Co,727,Mitchell (GA),GA,Dougherty,4B,Petroleum Liquids,GT,,S,X,X,,,21502.6616,0,41.8,0.9,31,40,31,N, , ,RE,X,6,1971,8,2016,45.16666667,N,Electric Utility,1,X,DFO,,,,,,,,,,N,, ,1H,,,,,,,,,,,0
74,7140,Georgia Power Co,727,Mitchell (GA),GA,Dougherty,4C,Petroleum Liquids,GT,,S,X,X,,,21502.6616,0,41.8, ,31,40, ,N, , ,RE,X,5,1971,3,2012,40.83333333,N,Electric Utility,1,X,DFO,,,,,,,,,,N,, ,,,,,,,,,,,,0
75,49756,Illinois Power Resources Generating LLC,860,Sterling Avenue,IL,Peoria,1,Natural Gas Fired Combustion Turbine,GT,,S,X,X,,,32883.35064,0,18, ,15,15, ,N, , ,RE,X,12,1967,4,2009,41.33333333,N,IPP Non-CHP,2,X,NG,,,,,,,,,,,, ,,,,,,,,,,,,0
76,49756,Illinois Power Resources Generating LLC,860,Sterling Avenue,IL,Peoria,2,Natural Gas Fired Combustion Turbine,GT,,S,X,X,,,32883.35064,0,18, ,15,15, ,N, , ,RE,X,12,1967,4,2009,41.33333333,N,IPP Non-CHP,2,X,NG,,,,,,,,,,N,, ,,,,,,,,,,,,0
77,5517,Dynegy Midwest Generation Inc,894,Oglesby,IL,LaSalle,1,Natural Gas Fired Combustion Turbine,GT,,S,X,X,,,16546.38678,0,17.5, ,13.5,15.8, ,N, , ,RE,X,10,1970,1,2013,42.25,N,IPP Non-CHP,2,X,NG,DFO,,,,,,,,,N,, ,,,,,,,,,,N,Y,1
78,5517,Dynegy Midwest Generation Inc,894,Oglesby,IL,LaSalle,2,Natural Gas Fired Combustion Turbine,GT,,S,X,X,,,16546.38678,0,17.5, ,13.5,15.8, ,N, , ,RE,X,9,1970,1,2013,42.33333333,N,IPP Non-CHP,2,X,NG,DFO,,,,,,,,,N,, ,,,,,,,,,,N,Y,1
79,5517,Dynegy Midwest Generation Inc,894,Oglesby,IL,LaSalle,3,Natural Gas Fired Combustion Turbine,GT,,S,X,X,,,16546.38678,0,17.5, ,13.5,15.8, ,N, , ,RE,X,10,1970,1,2013,42.25,N,IPP Non-CHP,2,X,NG,DFO,,,,,,,,,N,, ,,,,,,,,,,N,Y,1
80,5517,Dynegy Midwest Generation Inc,894,Oglesby,IL,LaSalle,4,Natural Gas Fired Combustion Turbine,GT,,S,X,X,,,16546.38678,0,17.5, ,13.5,15.8, ,N, , ,RE,X,10,1970,1,2013,42.25,N,IPP Non-CHP,2,X,NG,DFO,,,,,,,,,N,, ,,,,,,,,,,N,Y,1
81,5517,Dynegy Midwest Generation Inc,895,Stallings,IL,Madison,1,Natural Gas Fired Combustion Turbine,GT,,S,X,X,,,17973.34559,0,23.8, ,20.5,22.3, ,N, , ,RE,X,8,1970,1,2013,42.41666667,N,IPP Non-CHP,2,X,NG,,,,,,,,,,N,, ,,,,,,,,,,,,0
82,5517,Dynegy Midwest Generation Inc,895,Stallings,IL,Madison,2,Natural Gas Fired Combustion Turbine,GT,,S,X,X,,,17973.34559,0,23.8, ,20.5,22.3, ,N, , ,RE,X,8,1970,1,2013,42.41666667,N,IPP Non-CHP,2,X,NG,,,,,,,,,,N,, ,,,,,,,,,,,,0
83,5517,Dynegy Midwest Generation Inc,895,Stallings,IL,Madison,3,Natural Gas Fired Combustion Turbine,GT,,S,X,X,,,17973.34559,0,23.8, ,20.5,22.3, ,N, , ,RE,X,9,1970,1,2013,42.33333333,N,IPP Non-CHP,2,X,NG,,,,,,,,,,N,, ,,,,,,,,,,,,0
84,5517,Dynegy Midwest Generation Inc,895,Stallings,IL,Madison,4,Natural Gas Fired Combustion Turbine,GT,,S,X,X,,,17973.34559,0,23.8, ,20.5,22.3, ,N, , ,RE,X,8,1970,1,2013,42.41666667,N,IPP Non-CHP,2,X,NG,,,,,,,,,,N,, ,,,,,,,,,,,,0
85,9273,Indianapolis Power & Light Co,990,Harding Street,IN,Marion,GT3,Petroleum Liquids,GT,,S,X,X,IPL.16STOUTR1,IPL.16STOUTR1,5900.293115,0,26,0.9,10,10,5,N, , ,RE,X,5,1973,6,2013,40.08333333,N,Electric Utility,1,X,DFO,,,,,,,,,,,N, ,1H,,,,,,,,N,N,,0
86,13756,Northern Indiana Pub Serv Co,996,Dean H Mitchell,IN,Lake,9A,Natural Gas Fired Combustion Turbine,GT,,S,X,X,,,17572.16495,0,16, ,17,17, ,, , ,RE,X,12,1966,10,2013,46.83333333,N,Electric Utility,1,X,NG,,,,,,,,,,N,, ,,,,,,,,,,,,0
87,17633,Southern Indiana Gas & Elec Co,1011,Broadway (IN),IN,Vanderburgh,1,Natural Gas Fired Combustion Turbine,GT,,S,X,X,SIGE.10BGGTN1,SIGE.10BGGTN1,14534.4436,0,53.1,0.9,50,60,10,N, , ,RE,X,9,1971,2,2018,46.41666667,N,Electric Utility,1,X,NG,,,,,,,,,,N,N, ,12H,,,,,,,,N,,,0
88,17633,Southern Indiana Gas & Elec Co,1011,Broadway (IN),IN,Vanderburgh,2,Natural Gas Fired Combustion Turbine,GT,,S,X,X,SIGE.10BGGTN2,SIGE.10BGGTN2,14534.4436,0,88.8,0.9,65,75,10,N, , ,RE,X,5,1981,12,2019,38.58333333,N,Electric Utility,1,X,NG,,,,,,,,,,N,N, ,12H,,,,,,,,N,,,0
89,9417,Interstate Power and Light Co,1105,Centerville,IA,Appanoose,GT1,Petroleum Liquids,GT,,S,X,X,ALTW.NCENT1,ALTW.NCENT1,24918.69377,0,27,0.85,20.3,24.1,10,N, , ,RE,X,8,1990,11,2017,27.25,N,Electric Utility,1,X,DFO,,,,,,,,,,,N, ,1H,,,,,,,,N,N,N,0
90,9417,Interstate Power and Light Co,1105,Centerville,IA,Appanoose,GT2,Petroleum Liquids,GT,,S,X,X,ALTW.NCENT2,ALTW.NCENT2,24918.69377,0,27,0.85,26.3,30.1,10,N, , ,RE,X,9,1990,11,2017,27.16666667,N,Electric Utility,1,X,DFO,,,,,,,,,,,N, ,1H,,,,,,,,N,N,N,0
91,5860,Empire District Electric Co,1239,Riverton,KS,Cherokee,9,Natural Gas Fired Combustion Turbine,GT,,S,X,X,,,11354.78743,0,12.5,1,12,12,4,N, , ,RE,X,6,1964,6,2015,51,N,Electric Utility,1,X,NG,DFO,,,,,,,,,N,, ,OVER,,,,,,,,,N,Y,1
92,9996,City of Kansas City - (KS),1295,Quindaro,KS,Wyandotte,GT1,Natural Gas Fired Combustion Turbine,GT,,S,X,X,kacy,kacy,52635.43577,0,17.9,0.97,13,13,5,, , ,RE,X,6,1969,2,2016,46.66666667,N,Electric Utility,1,X,NG,DFO,,,,,NG,,,,N,N, ,1H,,,,,N,,,N,N,Y,1
93,14229,City of Ottawa - (KS),1316,Ottawa,KS,Franklin,GT1,Natural Gas Fired Combustion Turbine,GT,,S,X,X,,,14383.64062,0,11.5,0.8,8,9,3,N, , ,RE,X,12,1967,8,2020,52.66666667,N,Electric Utility,1,X,NG,,,,,,,,,,N,N, ,12H,,,,,,,,N,N,N,0
94,11249,Louisville Gas & Electric Co,1363,Cane Run,KY,Jefferson,11,Natural Gas Fired Combustion Turbine,GT,,S,X,X,,,38516.07489,0,16.3,0.85,14,14,14,, , ,RE,X,6,1968,12,2019,51.5,N,Electric Utility,1,X,NG,,,,,,,,,,N,N, ,1H,,,,,,,,N,N,N,0
95,11249,Louisville Gas & Electric Co,1366,Paddys Run,KY,Jefferson,11,Natural Gas Fired Combustion Turbine,GT,,S,X,X,,,10758.68087,0,16,0.85,12,13,12,N, , ,RE,X,6,1968,4,2021,52.83333333,N,Electric Utility,1,X,NG,,,,,,,,,,N,N, ,1H,,,,,,,,N,N,N,0
96,11249,Louisville Gas & Electric Co,1368,Zorn,KY,Jefferson,1,Natural Gas Fired Combustion Turbine,GT,,S,X,X,,,22882.12928,0,18,0.85,14,16,14,N, , ,RE,X,5,1969,12,2021,52.58333333,N,Electric Utility,1,X,NG,,,,,,,,,,N,N, ,1H,,,,,,,,N,N,N,0
97,4161,"Constellation Power Source Generation, LLC",1555,Notch Cliff,MD,Baltimore,GT1,Natural Gas Fired Combustion Turbine,GT,,S,X,X,NOTCHCLI13 KVCT 1,NOTCHCLI13 KVCT 1,18451.53174,0,18,0.85,14,16,3,N, , ,RE,X,6,1969,6,2020,51,N,IPP Non-CHP,2,X,NG,,,,,,,,,,N,N, ,1H,,,,,,,,N,,,0
98,4161,"Constellation Power Source Generation, LLC",1555,Notch Cliff,MD,Baltimore,GT2,Natural Gas Fired Combustion Turbine,GT,,S,X,X,NOTCHCLI13 KVCT 2,NOTCHCLI13 KVCT 2,18451.53174,0,18,0.85,14,16,3,N, , ,RE,X,6,1969,6,2020,51,N,IPP Non-CHP,2,X,NG,,,,,,,,,,N,N, ,1H,,,,,,,,N,,,0
99,4161,"Constellation Power Source Generation, LLC",1555,Notch Cliff,MD,Baltimore,GT3,Natural Gas Fired Combustion Turbine,GT,,S,X,X,NOTCHCLI13 KVCT 3,NOTCHCLI13 KVCT 3,18451.53174,0,18,0.85,14,16,3,N, , ,RE,X,6,1969,6,2020,51,N,IPP Non-CHP,2,X,NG,,,,,,,,,,N,N, ,1H,,,,,,,,N,,,0
100,4161,"Constellation Power Source Generation, LLC",1555,Notch Cliff,MD,Baltimore,GT4,Natural Gas Fired Combustion Turbine,GT,,S,X,X,NOTCHCLI13 KVCT 4,NOTCHCLI13 KVCT 4,18451.53174,0,18,0.85,14,16,3,N, , ,RE,X,6,1969,6,2020,51,N,IPP Non-CHP,2,X,NG,,,,,,,,,,N,N, ,1H,,,,,,,,N,,,0
101,4161,"Constellation Power Source Generation, LLC",1555,Notch Cliff,MD,Baltimore,GT5,Natural Gas Fired Combustion Turbine,GT,,S,X,X,NOTCHCLI13 KVCT 5,NOTCHCLI13 KVCT 5,18451.53174,0,18,0.85,14.6,16,3,N, , ,RE,X,6,1969,3,2020,50.75,N,IPP Non-CHP,2,X,NG,,,,,,,,,,N,N, ,1H,,,,,,,,N,,,0
102,4161,"Constellation Power Source Generation, LLC",1555,Notch Cliff,MD,Baltimore,GT6,Natural Gas Fired Combustion Turbine,GT,,S,X,X,NOTCHCLI13 KVCT 6,NOTCHCLI13 KVCT 6,18451.53174,0,18,0.85,15.6,16,3,N, , ,RE,X,6,1969,3,2020,50.75,N,IPP Non-CHP,2,X,NG,,,,,,,,,,N,N, ,1H,,,,,,,,N,,,0
103,4161,"Constellation Power Source Generation, LLC",1555,Notch Cliff,MD,Baltimore,GT7,Natural Gas Fired Combustion Turbine,GT,,S,X,X,NOTCHCLI13 KVCT 7,NOTCHCLI13 KVCT 7,18451.53174,0,18,0.85,14.5,16,3,N, , ,RE,X,6,1969,3,2020,50.75,N,IPP Non-CHP,2,X,NG,,,,,,,,,,N,N, ,1H,,,,,,,,N,,,0
104,4161,"Constellation Power Source Generation, LLC",1555,Notch Cliff,MD,Baltimore,GT8,Natural Gas Fired Combustion Turbine,GT,,S,X,X,NOTCHCLI13 KVCT 8,NOTCHCLI13 KVCT 8,18451.53174,0,18,0.85,16,16,3,N, , ,RE,X,6,1969,3,2020,50.75,N,IPP Non-CHP,2,X,NG,,,,,,,,,,N,N, ,1H,,,,,,,,N,,,0
105,4161,"Constellation Power Source Generation, LLC",1556,Perryman,MD,Harford,GT2,Petroleum Liquids,GT,,S,X,X,,,13944.62239,0,53.1,0.85,51,51,5,N, , ,RE,X,4,1972,2,2016,43.83333333,N,IPP Non-CHP,2,X,DFO,,,,,,,,,,N,N, ,1H,,,,,,,,N,,,0
106,4161,"Constellation Power Source Generation, LLC",1559,Riverside (MD),MD,Baltimore,GT6,Natural Gas Fired Combustion Turbine,GT,,S,X,X,,,19403.76843,0,135,0.9,115,115,20,N, , ,RE,X,4,1970,6,2014,44.16666667,N,IPP Non-CHP,2,X,NG,KER,,,,,,,,,N,N, ,1H,,,,,,,,,N,Y,1
107,4161,"Constellation Power Source Generation, LLC",1559,Riverside (MD),MD,Baltimore,GT7,Petroleum Liquids,GT,,S,X,X,RIVERSID13 KVCT 7,RIVERSID13 KVCT 7,19403.76843,0,25,0.85,19,22,5,N, , ,RE,X,9,1970,3,2019,48.5,N,IPP Non-CHP,2,X,DFO,,,,,,,,,,N,N, ,1H,,,,,,,,N,,,0
108,4161,"Constellation Power Source Generation, LLC",1559,Riverside (MD),MD,Baltimore,GT8,Petroleum Liquids,GT,,S,X,X,RIVERSID13 KVCT 8,RIVERSID13 KVCT 8,19403.76843,0,25,0.85,20,22,5,N, , ,RE,X,9,1970,12,2019,49.25,N,IPP Non-CHP,2,X,DFO,,,,,,,,,,N,N, ,1H,,,,,,,,N,,,0
109,4161,"Constellation Power Source Generation, LLC",1560,Westport,MD,Baltimore City,GT5,Natural Gas Fired Combustion Turbine,GT,,S,X,X,WESTPORT13 KVCT  05,WESTPORT13 KVCT  05,18434.22809,0,121.5,0.9,115.8,115.8,20,N, , ,RE,X,2,1969,6,2020,51.33333333,N,IPP Non-CHP,2,X,NG,,,,,,,,,,N,N, ,1H,,,,,,,,N,,,0
110,12653,"Lanyard Power Holdings, LLC",1572,Dickerson Power,MD,Montgomery,GT1,Petroleum Liquids,GT,,W,X,X,50819,DICKERSH 13 KV HCT1,13754.03536,0,19,0.85,18,18,18,N, , ,RE,X,3,1967,10,2022,55.58333333,N,IPP Non-CHP,2,X,DFO,,,,,,,,,,N,N, ,1H,,,,,,,,N,N,N,0
111,12653,"Lanyard Power Holdings, LLC",1573,Morgantown Generating Plant,MD,Charles,GT1,Petroleum Liquids,GT,,S,X,X,50832,MORGANTO13KV UNITC1,12353.15181,0,18,0.8,13,17,7,N, , ,RE,X,12,1970,9,2022,51.75,N,IPP Non-CHP,2,X,DFO,,,,,,,,,,N,N, ,1H,,,,,,,,N,,,0
112,12653,"Lanyard Power Holdings, LLC",1573,Morgantown Generating Plant,MD,Charles,GT2,Petroleum Liquids,GT,,S,X,X,50833,MORGANTO13KV UNITC2,12353.15181,0,18,0.8,13,17,7,N, , ,RE,X,2,1971,9,2022,51.58333333,N,IPP Non-CHP,2,X,DFO,,,,,,,,,,N,N, ,1H,,,,,,,,N,,,0
113,6035,"Constellation Power, Inc",1587,Exelon L Street,MA,Suffolk,GT1,Petroleum Liquids,GT,,S,X,X,,,14796.66033,0,18.6,0.85,16,21.8,6,N, , ,RE,X,9,1966,10,2016,50.08333333,N,IPP Non-CHP,2,X,DFO,,,,,,,,,,N,, ,10M,,,,,,,,,,,0
114,49965,Constellation Mystic Power LLC,1588,Mystic Generating Station,MA,Middlesex,GT1,Petroleum Liquids,GT,,S,X,X,UN MYSTIC 24 OMYSJ,UN MYSTIC 24 OMYSJ,20227.27273,0,14.2,0.85,9.1,13.2,5,N, , ,RE,X,6,1969,6,2021,52,N,IPP Non-CHP,2,X,DFO,,,,,,DFO,,,,N,N, ,1H,,,,,,,,N,N,N,0
115,59528,"Kendall Green Energy, LLC",1595,Kendall Square Station,MA,Middlesex,JET2,Petroleum Liquids,GT,,S,X,X,,,14769.83671,1,20, ,20,20, ,N, , ,RE,X,3,1972,9,2004,32.5,N,IPP CHP,3,X,JF,,,,,,,,,,,, ,,,,,,,,,,,,0
116,13206,Nantucket Electric Co,1615,Nantucket Hybrid,MA,Nantucket,12,Petroleum Liquids,GT,,W,X,X,,,20258.28235,0,3.7,0.8,2.8,3,1.5,N, , ,RE,X,10,1988,8,2019,30.83333333,N,Electric Utility,1,X,DFO,,,,,,,,,,,N, ,10M,,,,,,,,N,N,N,0
117,13206,Nantucket Electric Co,1615,Nantucket Hybrid,MA,Nantucket,13,Petroleum Liquids,GT,,W,X,X,,,20258.28235,0,3.7,0.8,2.9,3.3,1.5,N, , ,RE,X,10,1988,8,2019,30.83333333,N,Electric Utility,1,X,DFO,,,,,,,,,,,N, ,10M,,,,,,,,N,N,N,0
118,56401,NAEA Energy Massachusetts LLC,1642,Essential Power Massachusetts LLC,MA,Hampden,GT-1,Natural Gas Fired Combustion Turbine,GT,,S,X,X,,,10682.89911,0,60,0.85,33.3,48,25,N, , ,RE,X,4,2002,6,2022,20.16666667,N,IPP Non-CHP,2,X,NG,DFO,,,,,,,,,N,N, ,10M,,,,,,,,Y,N,Y,1
119,56401,NAEA Energy Massachusetts LLC,1642,Essential Power Massachusetts LLC,MA,Hampden,GT-2,Natural Gas Fired Combustion Turbine,GT,,S,X,X,,,10682.89911,0,60,0.85,33.4,48,25,N, , ,RE,X,4,2002,6,2022,20.16666667,N,IPP Non-CHP,2,X,NG,DFO,,,,,,,,,N,N, ,10M,,,,,,,,Y,N,Y,1
120,56401,NAEA Energy Massachusetts LLC,1642,Essential Power Massachusetts LLC,MA,Hampden,WS10,Petroleum Liquids,GT,,S,X,X,,,10682.89911,0,17,0.85,17.1,21.9,15,N, , ,RE,X,1,1968,6,2022,54.41666667,N,IPP Non-CHP,2,X,KER,,,,,,,,,,N,N, ,10M,,,,,,,,N,N,,0
121,4254,Consumers Energy Co,1696,B E Morrow,MI,Kalamazoo,A,Natural Gas Fired Combustion Turbine,GT,,S,X,X,,,18523.68758,0,18,0.85,13,17, ,N, , ,RE,X,12,1968,3,2014,45.25,N,Electric Utility,1,X,NG,,,,,,,,,,,, ,10M,,,,,,,,,,,0
122,4254,Consumers Energy Co,1696,B E Morrow,MI,Kalamazoo,B,Natural Gas Fired Combustion Turbine,GT,,S,X,X,,,18523.68758,0,18,0.85,11,15, ,N, , ,RE,X,7,1969,3,2014,44.66666667,N,Electric Utility,1,X,NG,,,,,,,,,,,, ,10M,,,,,,,,,,,0
123,4254,Consumers Energy Co,1706,Gaylord - Consumers,MI,Otsego,1,Natural Gas Fired Combustion Turbine,GT,,S,X,X,,,16539.06085,0,16,0.85,12,15,2.5,N, , ,RE,X,8,1966,11,2018,52.25,N,Electric Utility,1,X,NG,,,,,,,,,,,, ,10M,,,,,,,,N,,,0
124,4254,Consumers Energy Co,1706,Gaylord - Consumers,MI,Otsego,2,Natural Gas Fired Combustion Turbine,GT,,S,X,X,,,16539.06085,0,16,0.85,11,15,2.5,N, , ,RE,X,8,1966,11,2018,52.25,N,Electric Utility,1,X,NG,,,,,,,,,,,, ,10M,,,,,,,,N,,,0
125,4254,Consumers Energy Co,1706,Gaylord - Consumers,MI,Otsego,3,Natural Gas Fired Combustion Turbine,GT,,S,X,X,,,16539.06085,0,16,0.85,10,14,2.5,N, , ,RE,X,8,1966,11,2018,52.25,N,Electric Utility,1,X,NG,,,,,,,,,,,, ,10M,,,,,,,,N,,,0
126,4254,Consumers Energy Co,1706,Gaylord - Consumers,MI,Otsego,4,Natural Gas Fired Combustion Turbine,GT,,S,X,X,,,16539.06085,0,16, ,12,15, ,N, , ,RE,X,8,1966,11,2013,47.25,N,Electric Utility,1,X,NG,,,,,,,,,,,, ,,,,,,,,,,,,0
127,4254,Consumers Energy Co,1706,Gaylord - Consumers,MI,Otsego,5,Natural Gas Fired Combustion Turbine,GT,,S,X,X,,,16539.06085,0,16, ,14,17, ,N, , ,RE,X,4,1968,10,2010,42.5,N,Electric Utility,1,X,NG,,,,,,,,,,,, ,,,,,,,,,,,,0
128,4254,Consumers Energy Co,1710,J H Campbell,MI,Ottawa,A,Petroleum Liquids,GT,,S,X,X,,,42142.85714,0,18.6,0.85,12,17,2.5,N, , ,RE,X,12,1968,11,2018,49.91666667,N,Electric Utility,1,X,DFO,,,,,,,,,,N,, ,10M,,,,,,,,N,,,0
129,4254,Consumers Energy Co,1718,Straits,MI,Emmet,1,Natural Gas Fired Combustion Turbine,GT,,S,X,X,,,18281.70595,0,20,0.8,5,10,5,N, , ,RE,X,10,1969,11,2018,49.08333333,N,Electric Utility,1,X,NG,,,,,,,,,,,, ,10M,,,,,,,,N,,,0
130,4254,Consumers Energy Co,1719,Thetford,MI,Genesee,1,Natural Gas Fired Combustion Turbine,GT,,S,X,X,,,17246.77211,0,33.6,0.85,22,30,5,N, , ,RE,X,1,1970,5,2015,45.33333333,N,Electric Utility,1,X,NG,,,,,,,,,,,, ,10M,,,,,,,,,,,0
131,4254,Consumers Energy Co,1719,Thetford,MI,Genesee,2,Natural Gas Fired Combustion Turbine,GT,,S,X,X,,,17246.77211,0,33.6,0.85,29,37,5,N, , ,RE,X,1,1970,11,2018,48.83333333,N,Electric Utility,1,X,NG,,,,,,,,,,,, ,10M,,,,,,,,N,,,0
132,4254,Consumers Energy Co,1719,Thetford,MI,Genesee,3,Natural Gas Fired Combustion Turbine,GT,,S,X,X,,,17246.77211,0,33.6,0.85,22,30,5,N, , ,RE,X,6,1970,11,2018,48.41666667,N,Electric Utility,1,X,NG,,,,,,,,,,,, ,10M,,,,,,,,N,,,0
133,4254,Consumers Energy Co,1719,Thetford,MI,Genesee,4,Natural Gas Fired Combustion Turbine,GT,,S,X,X,,,17246.77211,0,33.6,0.85,28,37,5,N, , ,RE,X,7,1970,11,2018,48.33333333,N,Electric Utility,1,X,NG,,,,,,,,,,,, ,10M,,,,,,,,N,N,N,0
134,4254,Consumers Energy Co,1719,Thetford,MI,Genesee,5,Natural Gas Fired Combustion Turbine,GT,,S,X,X,,,17246.77211,0,17.6, ,15,17, ,N, , ,RE,X,7,1971,9,2013,42.16666667,N,Electric Utility,1,X,NG,,,,,,,,,,,, ,10M,,,,,,,,N,,,0
135,4254,Consumers Energy Co,1719,Thetford,MI,Genesee,6,Natural Gas Fired Combustion Turbine,GT,,S,X,X,,,17246.77211,0,17.6, ,15,17, ,N, , ,RE,X,7,1971,9,2013,42.16666667,N,Electric Utility,1,X,NG,,,,,,,,,,,, ,10M,,,,,,,,,,,0
136,4254,Consumers Energy Co,1719,Thetford,MI,Genesee,7,Natural Gas Fired Combustion Turbine,GT,,S,X,X,,,17246.77211,0,17.6, ,14,17, ,N, , ,RE,X,7,1971,9,2013,42.16666667,N,Electric Utility,1,X,NG,,,,,,,,,,,, ,10M,,,,,,,,,,,0
137,4254,Consumers Energy Co,1719,Thetford,MI,Genesee,8,Natural Gas Fired Combustion Turbine,GT,,S,X,X,,,17246.77211,0,17.6, ,11,15, ,N, , ,RE,X,7,1971,9,2013,42.16666667,N,Electric Utility,1,X,NG,,,,,,,,,,,, ,10M,,,,,,,,,,,0
138,4254,Consumers Energy Co,1719,Thetford,MI,Genesee,9,Natural Gas Fired Combustion Turbine,GT,,S,X,X,,,17246.77211,0,17.6, ,12,15, ,N, , ,RE,X,7,1971,9,2013,42.16666667,N,Electric Utility,1,X,NG,,,,,,,,,,,, ,10M,,,,,,,,,,,0
139,4254,Consumers Energy Co,1720,J C Weadock,MI,Bay,A,Natural Gas Fired Combustion Turbine,GT,,S,X,X,,,14251.85185,0,18.6,0.85,13,17,2.5,N, , ,RE,X,5,1968,5,2015,47,N,Electric Utility,1,X,NG,,,,,,,,,,,, ,OVER,,,,,,,,,,,0
140,5109,DTE Electric Company,1730,Hancock,MI,Oakland,2,Natural Gas Fired Combustion Turbine,GT,,S,X,X,,,19067.23806,0,19,0.85,18,24,3,N, , ,RE,X,10,1967,12,2019,52.16666667,N,Electric Utility,1,X,NG,,,,,,,,,,N,N, ,1H,,,,,,,,N,,,0
141,5109,DTE Electric Company,1730,Hancock,MI,Oakland,4,Natural Gas Fired Combustion Turbine,GT,,S,X,X,,,19067.23806,0,19.6,0.85,17,22,3,N, , ,RE,X,4,1969,12,2019,50.66666667,N,Electric Utility,1,X,NG,,,,,,,,,,N,N, ,10M,,,,,,,,N,,,0
142,20910,Wolverine Power Supply Coop,1877,George Johnson,MI,Osceola,7,Natural Gas Fired Combustion Turbine,GT,,S,X,X,,,11576.89585,0,11, ,10.5,12.8, ,, , ,RE,X,1,1973,10,2005,32.75,N,Electric Utility,1,X,NG,,,,,,,,,,N,, ,,,,,,,,,,,,0
143,20910,Wolverine Power Supply Coop,1877,George Johnson,MI,Osceola,8,Natural Gas Fired Combustion Turbine,GT,,S,X,X,,,11576.89585,0,11, ,10.5,12.8, ,, , ,RE,X,1,1973,10,2005,32.75,N,Electric Utility,1,X,NG,,,,,,,,,,N,, ,,,,,,,,,,,,0
144,5015,Delano Municipal Utilities,1969,Delano,MN,Wright,9,Petroleum Liquids,GT,,S,X,X,,,40328.85235,0,12.5,0.8,11,12,4,N, , ,RE,X,7,2002,12,2021,19.41666667,N,Electric Utility,1,X,DFO,,,,,,,,,,N,N, ,1H,,,,,,,,N,,N,0
145,12894,City of Moorhead - (MN),1995,Moorhead,MN,Clay,6,Petroleum Liquids,GT,,S,X,X,,,22911.76471,0,10, ,5.9,7.9, ,, , ,RE,X,1,1961,7,2011,50.5,N,Electric Utility,1,X,DFO,,,,,,,,,,N,N, ,,,,,,,,,N,,,0
146,20806,City of Windom,2023,Windom,MN,Cottonwood,GT1,Petroleum Liquids,GT,,S,X,X,,,20125,0,3,0.85,2.5,3,1,N, , ,RE,X,6,1980,4,2022,41.83333333,N,Electric Utility,1,X,DFO,,,,,,,,,,N,N, ,1H,,,,,,,,N,N,N,0
147,17568,Cooperative Energy,2068,Benndale,MS,George,1,Natural Gas Fired Combustion Turbine,GT,,S,X,X,SME.BENN_GT,,24174.96413,0,16.2,0.85,14,16.2,14,N, , ,RE,X,10,1969,3,2018,48.41666667,N,Electric Utility,1,X,NG,,,,,,,,,,N,, ,1H,,,,,,,,N,N,N,0
148,17568,Cooperative Energy,2071,Paulding,MS,Jasper,1,Petroleum Liquids,GT,,S,X,X,SME.PAULDING,,17757.03767,0,20,0.85,16,20,16,N, , ,RE,X,1,1972,8,2017,45.58333333,N,Electric Utility,1,X,DFO,,,,,,,,,,N,, ,1H,,,,,,,,N,,,0
149,19436,Union Electric Co - (MO),2083,Kirksville,MO,Adair,1,Natural Gas Fired Combustion Turbine,GT,,S,X,X,AMMO.KIRK2CTG1,AMMO.KIRK2CTG1,29902.9903,0,15,0.85,13,16,4,N, , ,RE,X,12,1967,1,2018,50.08333333,N,Electric Utility,1,X,NG,,,,,,,,,,N,, ,1H,,,,,,,,N,,,0
150,19436,Union Electric Co - (MO),2104,Meramec,MO,St Louis,GT1,Petroleum Liquids,GT,,S,X,X,,,14509.40573,0,62,0.9,54,68,6,N, , ,RE,X,6,1974,12,2022,48.5,N,Electric Utility,1,X,DFO,,,,,,,,,,N,, ,OVER,,,,,,,,N,,N,0
151,19436,Union Electric Co - (MO),2104,Meramec,MO,St Louis,GT2,Natural Gas Fired Combustion Turbine,GT,,S,X,X,,,14509.40573,0,56,0.9,45,61,15,N, , ,RE,X,6,2000,12,2022,22.5,N,Electric Utility,1,X,NG,DFO,,,,,,,,,N,, ,10M,,,,,,,,Y,N,N,0
152,63033,"Gilbert Power, LLC",2393,Gilbert,NJ,Hunterdon,C1,Natural Gas Fired Combustion Turbine,GT,,S,X,X,50700,50700,15125.7207,0,24,0.9,20,25,20,N, , ,RE,X,7,1970,5,2015,44.83333333,N,IPP Non-CHP,2,X,NG,DFO,,,,,,,,,N,N, ,1H,,,,,,,,N,N,N,0
153,63033,"Gilbert Power, LLC",2393,Gilbert,NJ,Hunterdon,C2,Natural Gas Fired Combustion Turbine,GT,,S,X,X,50701,50701,15125.7207,0,24,0.9,22,28,22,N, , ,RE,X,10,1970,5,2015,44.58333333,N,IPP Non-CHP,2,X,NG,DFO,,,,,,,,,N,N, ,1H,,,,,,,,N,N,N,0
154,63033,"Gilbert Power, LLC",2393,Gilbert,NJ,Hunterdon,C3,Natural Gas Fired Combustion Turbine,GT,,S,X,X,50702,50702,15125.7207,0,24,0.9,22,28,22,N, , ,RE,X,8,1970,5,2015,44.75,N,IPP Non-CHP,2,X,NG,DFO,,,,,,,,,N,N, ,1H,,,,,,,,N,N,Y,1
155,63033,"Gilbert Power, LLC",2393,Gilbert,NJ,Hunterdon,C4,Natural Gas Fired Combustion Turbine,GT,,S,X,X,50695,50695,15125.7207,0,24,0.9,22,28,22,N, , ,RE,X,7,1970,5,2015,44.83333333,N,IPP Non-CHP,2,X,NG,DFO,,,,,,,,,N,N, ,1H,,,,,,,,N,N,Y,1
156,65385,Bergen Generating Station,2398,Bergen Generating Station,NJ,Bergen,3,Natural Gas Fired Combustion Turbine,GT,,S,X,X,50402,BERGEN  13 KV,27619.57731,0,18.6,0.85,21,21,21,N, , ,RE,X,7,1967,6,2015,47.91666667,N,IPP Non-CHP,2,X,NG,,,,,,,,,,N,N, ,1H,,,,,,,,,N,N,0
157,15147,PSEG Fossil LLC,2400,PSEG Edison Generating Station,NJ,Middlesex,11,Natural Gas Fired Combustion Turbine,GT,,S,X,X,50406,EDISON  13 KV,39153.71836,0,41.8,0.9,43,43,41,N, , ,RE,X,5,1971,6,2015,44.08333333,N,IPP Non-CHP,2,X,NG,DFO,,,,,,,,,N,N, ,1H,,,,,,,,,N,N,0
158,15147,PSEG Fossil LLC,2400,PSEG Edison Generating Station,NJ,Middlesex,12,Natural Gas Fired Combustion Turbine,GT,,S,X,X,50407,EDISON  13 KV,39153.71836,0,41.8,0.9,43,43,41,N, , ,RE,X,5,1971,6,2015,44.08333333,N,IPP Non-CHP,2,X,NG,DFO,,,,,,,,,N,N, ,1H,,,,,,,,,N,N,0
159,15147,PSEG Fossil LLC,2400,PSEG Edison Generating Station,NJ,Middlesex,13,Natural Gas Fired Combustion Turbine,GT,,S,X,X,50408,EDISON  13 KV,39153.71836,0,41.8,0.9,43,43,41,N, , ,RE,X,5,1971,6,2015,44.08333333,N,IPP Non-CHP,2,X,NG,DFO,,,,,,,,,N,N, ,1H,,,,,,,,,N,N,0
160,15147,PSEG Fossil LLC,2400,PSEG Edison Generating Station,NJ,Middlesex,14,Natural Gas Fired Combustion Turbine,GT,,S,X,X,50409,EDISON  13 KV,39153.71836,0,41.8,0.9,43,43,41,N, , ,RE,X,5,1971,6,2015,44.08333333,N,IPP Non-CHP,2,X,NG,DFO,,,,,,,,,N,N, ,1H,,,,,,,,,N,N,0
161,15147,PSEG Fossil LLC,2400,PSEG Edison Generating Station,NJ,Middlesex,21,Natural Gas Fired Combustion Turbine,GT,,S,X,X,50410,EDISON  13 KV,39153.71836,0,41.8,0.9,43,43,20,N, , ,RE,X,6,1971,6,2015,44,N,IPP Non-CHP,2,X,NG,DFO,,,,,,,,,N,N, ,1H,,,,,,,,,N,N,0
162,15147,PSEG Fossil LLC,2400,PSEG Edison Generating Station,NJ,Middlesex,22,Natural Gas Fired Combustion Turbine,GT,,S,X,X,50411,EDISON  13 KV,39153.71836,0,41.8,0.9,43,43,41,N, , ,RE,X,6,1971,6,2015,44,N,IPP Non-CHP,2,X,NG,DFO,,,,,,,,,N,N, ,1H,,,,,,,,,N,N,0
163,15147,PSEG Fossil LLC,2400,PSEG Edison Generating Station,NJ,Middlesex,23,Natural Gas Fired Combustion Turbine,GT,,S,X,X,50412,EDISON  13 KV,39153.71836,0,41.8,0.9,43,43,41,N, , ,RE,X,6,1971,6,2015,44,N,IPP Non-CHP,2,X,NG,DFO,,,,,,,,,N,N, ,1H,,,,,,,,,N,N,0
164,15147,PSEG Fossil LLC,2400,PSEG Edison Generating Station,NJ,Middlesex,24,Natural Gas Fired Combustion Turbine,GT,,S,X,X,50413,EDISON  13 KV,39153.71836,0,41.8,0.9,43,43,41,N, , ,RE,X,6,1971,6,2015,44,N,IPP Non-CHP,2,X,NG,DFO,,,,,,,,,N,N, ,1H,,,,,,,,,N,N,0
165,15147,PSEG Fossil LLC,2400,PSEG Edison Generating Station,NJ,Middlesex,31,Natural Gas Fired Combustion Turbine,GT,,S,X,X,50414,EDISON  13 KV,39153.71836,0,41.8,0.9,43,43,41,N, , ,RE,X,6,1971,6,2015,44,N,IPP Non-CHP,2,X,NG,DFO,,,,,,,,,N,N, ,1H,,,,,,,,,N,N,0
166,15147,PSEG Fossil LLC,2400,PSEG Edison Generating Station,NJ,Middlesex,32,Natural Gas Fired Combustion Turbine,GT,,S,X,X,50415,EDISON  13 KV,39153.71836,0,41.8,0.9,43,43,41,N, , ,RE,X,6,1971,6,2015,44,N,IPP Non-CHP,2,X,NG,DFO,,,,,,,,,N,N, ,1H,,,,,,,,,N,N,0
167,15147,PSEG Fossil LLC,2400,PSEG Edison Generating Station,NJ,Middlesex,33,Natural Gas Fired Combustion Turbine,GT,,S,X,X,50416,EDISON  13 KV,39153.71836,0,41.8,0.9,43,43,41,N, , ,RE,X,6,1971,6,2015,44,N,IPP Non-CHP,2,X,NG,DFO,,,,,,,,,N,N, ,1H,,,,,,,,,N,N,0
168,15147,PSEG Fossil LLC,2400,PSEG Edison Generating Station,NJ,Middlesex,34,Natural Gas Fired Combustion Turbine,GT,,S,X,X,50417,EDISON  13 KV,39153.71836,0,41.8,0.9,43,43,41,N, , ,RE,X,6,1971,6,2015,44,N,IPP Non-CHP,2,X,NG,DFO,,,,,,,,,N,N, ,1H,,,,,,,,,N,N,0
169,65387,Essex Generating Station,2401,PSEG Essex Generating Station,NJ,Essex,101,Natural Gas Fired Combustion Turbine,GT,,S,X,X,50420,ESSEX   13 KV,13982.61413,0,41.8,0.9,43,43,38,N, , ,RE,X,6,1971,6,2015,44,N,IPP Non-CHP,2,X,NG,DFO,,,,,,,,,N,N, ,1H,,,,,,,,,Y,Y,1
170,65387,Essex Generating Station,2401,PSEG Essex Generating Station,NJ,Essex,102,Natural Gas Fired Combustion Turbine,GT,,S,X,X,50421,ESSEX   13 KV,13982.61413,0,41.8,0.9,43,43,38,N, , ,RE,X,6,1971,6,2015,44,N,IPP Non-CHP,2,X,NG,DFO,,,,,,,,,N,N, ,1H,,,,,,,,,Y,Y,1
171,65387,Essex Generating Station,2401,PSEG Essex Generating Station,NJ,Essex,103,Natural Gas Fired Combustion Turbine,GT,,S,X,X,50422,ESSEX   13 KV,13982.61413,0,41.8,0.9,43,43,38,N, , ,RE,X,6,1971,6,2015,44,N,IPP Non-CHP,2,X,NG,DFO,,,,,,,,,N,N, ,1H,,,,,,,,,Y,Y,1
172,65387,Essex Generating Station,2401,PSEG Essex Generating Station,NJ,Essex,104,Natural Gas Fired Combustion Turbine,GT,,S,X,X,50423,ESSEX   13 KV,13982.61413,0,41.8,0.9,43,43,38,N, , ,RE,X,6,1971,6,2015,44,N,IPP Non-CHP,2,X,NG,DFO,,,,,,,,,N,N, ,1H,,,,,,,,,Y,Y,1
173,65387,Essex Generating Station,2401,PSEG Essex Generating Station,NJ,Essex,111,Natural Gas Fired Combustion Turbine,GT,,S,X,X,50424,ESSEX   13 KV,13982.61413,0,41.8,0.9,46,46,38,N, , ,RE,X,12,1971,6,2015,43.5,N,IPP Non-CHP,2,X,NG,DFO,,,,,,,,,N,N, ,1H,,,,,,,,,N,N,0
174,65387,Essex Generating Station,2401,PSEG Essex Generating Station,NJ,Essex,112,Natural Gas Fired Combustion Turbine,GT,,S,X,X,50425,ESSEX   13 KV,13982.61413,0,41.8,0.9,46,46,38,N, , ,RE,X,12,1971,6,2015,43.5,N,IPP Non-CHP,2,X,NG,DFO,,,,,,,,,N,N, ,1H,,,,,,,,,N,N,0
175,65387,Essex Generating Station,2401,PSEG Essex Generating Station,NJ,Essex,113,Natural Gas Fired Combustion Turbine,GT,,S,X,X,50426,ESSEX   13 KV,13982.61413,0,41.8,0.9,46,46,38,N, , ,RE,X,12,1971,6,2015,43.5,N,IPP Non-CHP,2,X,NG,DFO,,,,,,,,,N,, ,1H,,,,,,,,,N,N,0
176,65387,Essex Generating Station,2401,PSEG Essex Generating Station,NJ,Essex,114,Natural Gas Fired Combustion Turbine,GT,,S,X,X,50427,ESSEX   13 KV,13982.61413,0,41.8,0.9,46,46,38,N, , ,RE,X,12,1971,6,2015,43.5,N,IPP Non-CHP,2,X,NG,DFO,,,,,,,,,N,, ,1H,,,,,,,,,N,N,0
177,65387,Essex Generating Station,2401,PSEG Essex Generating Station,NJ,Essex,121,Natural Gas Fired Combustion Turbine,GT,,S,X,X,50428,ESSEX   13 KV,13982.61413,0,41.8,0.9,46,46,38,N, , ,RE,X,6,1971,5,2015,43.91666667,N,IPP Non-CHP,2,X,NG,DFO,,,,,,,,,N,, ,1H,,,,,,,,,N,N,0
178,65387,Essex Generating Station,2401,PSEG Essex Generating Station,NJ,Essex,122,Natural Gas Fired Combustion Turbine,GT,,S,X,X,50429,ESSEX   13 KV,13982.61413,0,41.8,0.9,46,46,38,N, , ,RE,X,6,1971,5,2015,43.91666667,N,IPP Non-CHP,2,X,NG,DFO,,,,,,,,,N,N, ,1H,,,,,,,,,N,N,0
179,65387,Essex Generating Station,2401,PSEG Essex Generating Station,NJ,Essex,123,Natural Gas Fired Combustion Turbine,GT,,S,X,X,50430,ESSEX   13 KV,13982.61413,0,41.8,0.9,46,46,38,N, , ,RE,X,6,1971,5,2015,43.91666667,N,IPP Non-CHP,2,X,NG,DFO,,,,,,,,,N,N, ,1H,,,,,,,,,N,N,0
180,65387,Essex Generating Station,2401,PSEG Essex Generating Station,NJ,Essex,124,Natural Gas Fired Combustion Turbine,GT,,S,X,X,50431,ESSEX   13 KV,13982.61413,0,41.8,0.9,46,46,38,N, , ,RE,X,6,1971,5,2015,43.91666667,N,IPP Non-CHP,2,X,NG,DFO,,,,,,,,,N,N, ,1H,,,,,,,,,N,N,0
181,65387,Essex Generating Station,2401,PSEG Essex Generating Station,NJ,Essex,9,Natural Gas Fired Combustion Turbine,GT,,S,X,X,50419,ESSEX   13 KV,13982.61413,0,93.6,0.9,81,81,53.3,N, , ,RE,X,7,1990,6,2022,31.91666667,N,IPP Non-CHP,2,X,NG,KER,,,,,,,,,N,N, ,1H,,,,,,,,Y,Y,Y,1
182,65388,Kearny Generating Station,2404,PSEG Kearny Generating Station,NJ,Hudson,10,Natural Gas Fired Combustion Turbine,GT,,S,X,X,,,11127.22793,0,146.2, ,122, , ,N, , ,RE,X,5,1970,6,2012,42.08333333,N,IPP Non-CHP,2,X,NG,DFO,,,,,,,,,N,, ,,,,,,,,,,N,Y,1
183,65388,Kearny Generating Station,2404,PSEG Kearny Generating Station,NJ,Hudson,11,Natural Gas Fired Combustion Turbine,GT,,S,X,X,,,11127.22793,0,146.2, ,128, , ,N, , ,RE,X,12,1969,6,2012,42.5,N,IPP Non-CHP,2,X,NG,DFO,,,,,,,,,N,, ,,,,,,,,,,N,Y,1
184,65388,Kearny Generating Station,2404,PSEG Kearny Generating Station,NJ,Hudson,121,Natural Gas Fired Combustion Turbine,GT,,S,X,X,,,11127.22793,0,54, ,43.8,43.8,25,N, , ,RE,X,5,1973,6,2001,28.08333333,N,IPP Non-CHP,2,X,NG,,,,,,,,,,N,, ,,,,,,,,,N,N,,0
185,65388,Kearny Generating Station,2404,PSEG Kearny Generating Station,NJ,Hudson,122,Natural Gas Fired Combustion Turbine,GT,,S,X,X,,,11127.22793,0,54, ,43.7,43.7,25,N, , ,RE,X,5,1973,6,2001,28.08333333,N,IPP Non-CHP,2,X,NG,,,,,,,,,,,, ,,,,,,,,,N,N,,0
186,65388,Kearny Generating Station,2404,PSEG Kearny Generating Station,NJ,Hudson,123,Natural Gas Fired Combustion Turbine,GT,,S,X,X,,,11127.22793,0,54, ,43.8,43.8,25,N, , ,RE,X,5,1973,6,2001,28.08333333,N,IPP Non-CHP,2,X,NG,,,,,,,,,,,, ,,,,,,,,,N,N,,0
187,65388,Kearny Generating Station,2404,PSEG Kearny Generating Station,NJ,Hudson,124,Natural Gas Fired Combustion Turbine,GT,,S,X,X,,,11127.22793,0,54, ,43.7,43.7,25,N, , ,RE,X,5,1973,6,2001,28.08333333,N,IPP Non-CHP,2,X,NG,,,,,,,,,,,, ,,,,,,,,,N,N,,0
188,65388,Kearny Generating Station,2404,PSEG Kearny Generating Station,NJ,Hudson,9,Natural Gas Fired Combustion Turbine,GT,,S,X,X,50444,KEARNY  13 KV,11127.22793,0,18.5,0.85,21,21,17,N, , ,RE,X,5,1967,8,2014,47.25,N,IPP Non-CHP,2,X,NG,,,,,,,,,,N,N, ,1H,,,,,,,,,N,N,0
189,65389,Linden Combined Cycle,2406,PSEG Linden Generating Station,NJ,Union,3,Natural Gas Fired Combustion Turbine,GT,,W,X,X,,,12547.41428,0,18.5, , , , ,N, , ,RE,X,7,1967,5,2006,38.83333333,N,IPP Non-CHP,2,X,NG,,,,,,,,,,N,, ,,,,,,,,,,,,0
190,15147,PSEG Fossil LLC,2409,PSEG National Park Generating Station,NJ,Gloucester,1,Petroleum Liquids,GT,,S,X,X,50482,50482,16759.68992,0,18.5,0.85,21,21,21,N, , ,RE,X,6,1969,6,2015,46,N,IPP Non-CHP,2,X,KER,,,,,,,,,,N,N, ,1H,,,,,,,,,N,N,0
191,15473,Public Service Co of NM,2447,Las Vegas,NM,San Miguel,1,Petroleum Liquids,GT,,S,X,X,,,25833.33333,0,20,0.9,20,20,20,N, , ,RE,X,1,1973,4,2011,38.25,N,Electric Utility,1,X,DFO,,,,,,,,,,N,N, ,1H,,,,,,,,N,N,N,0
192,17718,Southwestern Public Service Co,2453,Carlsbad,NM,Eddy,5,Natural Gas Fired Combustion Turbine,GT,,S,X,X,SPS.CARLSBAD5,SPS.CARLSBAD5,17844.13659,0,16.3,0.85,10,10,10,N, , ,RE,X,12,1977,12,2017,40,N,Electric Utility,1,X,NG,,,,,,,,,,N,N, ,1H,,,,,,,,N,,,0
193,56505,National Grid Generation LLC,2511,E F Barrett,NY,Nassau,7,Natural Gas Fired Combustion Turbine,GT,,S,X,X,23710,23710,16085.32539,0,18, , , , ,N, , ,RE,X,7,1970,10,2011,41.25,N,Electric Utility,1,X,NG,DFO,,,,,,,,,N,, ,,,,,,,,,,,,0
194,16183,Rochester Gas & Electric Corp,2640,Rochester 3,NY,Monroe,13,Petroleum Liquids,GT,,S,X,X,,,17971.59294,0,19, ,14.4,17.4, ,N, , ,RE,X,6,1969,12,2011,42.5,N,Electric Utility,1,X,DFO,,,,,,,,,,N,, ,,,,,,,,,N,,,0
195,16183,Rochester Gas & Electric Corp,2644,Rochester 9,NY,Monroe,2,Natural Gas Fired Combustion Turbine,GT,,S,X,X,,,19992.63738,0,19, ,14,19.2, ,N, , ,RE,X,11,1969,2,2014,44.25,N,Electric Utility,1,X,NG,,,,,,,,,,N,N, ,,,,,,,,,,,,0
196,3046,Duke Energy Progress - (NC),2709,HF Lee Plant,NC,Wayne,GT1,Petroleum Liquids,GT,,S,X,X,,,49825.4902,0,16.3,0.85,12,15, ,, , ,RE,X,3,1968,10,2012,44.58333333,N,Electric Utility,1,X,DFO,,,,,,,,,,N,N, ,,,,,,,,,,,,0
197,3046,Duke Energy Progress - (NC),2709,HF Lee Plant,NC,Wayne,GT2,Petroleum Liquids,GT,,S,X,X,,,49825.4902,0,29.9,0.85,21,27, ,, , ,RE,X,5,1971,10,2012,41.41666667,N,Electric Utility,1,X,DFO,,,,,,,,,,N,N, ,,,,,,,,,,,,0
198,3046,Duke Energy Progress - (NC),2709,HF Lee Plant,NC,Wayne,GT3,Petroleum Liquids,GT,,S,X,X,,,49825.4902,0,29.9,0.85,21,27, ,, , ,RE,X,8,1971,10,2012,41.16666667,N,Electric Utility,1,X,DFO,,,,,,,,,,N,N, ,,,,,,,,,,,,0
199,3046,Duke Energy Progress - (NC),2709,HF Lee Plant,NC,Wayne,GT4,Petroleum Liquids,GT,,S,X,X,,,49825.4902,0,29.9,0.85,21,27, ,, , ,RE,X,8,1971,10,2012,41.16666667,N,Electric Utility,1,X,DFO,,,,,,,,,,N,N, ,,,,,,,,,,,,0
200,3046,Duke Energy Progress - (NC),2711,Morehead,NC,Carteret,GT1,Petroleum Liquids,GT,,S,X,X,,,24957.64273,0,16.3,0.85,12,15, ,, , ,RE,X,1,1968,10,2012,44.75,N,Electric Utility,1,X,DFO,,,,,,,,,,N,N, ,,,,,,,,,N,N,,0
201,3046,Duke Energy Progress - (NC),2713,L V Sutton Steam,NC,New Hanover,GT1,Petroleum Liquids,GT,,S,X,X,,,46878.89039,0,16.3,0.85,11,12,3,, , ,RE,X,2,1968,3,2017,49.08333333,N,Electric Utility,1,X,DFO,,,,,,,,,,N,N, ,12H,,,,,,,,N,N,N,0
202,3046,Duke Energy Progress - (NC),2713,L V Sutton Steam,NC,New Hanover,GTA,Petroleum Liquids,GT,,S,X,X,,,46878.89039,0,37.5,0.85,23,31,6,, , ,RE,X,6,1969,7,2017,48.08333333,N,Electric Utility,1,X,DFO,,,,,,,,,,N,N, ,12H,,,,,,,,N,N,N,0
203,3046,Duke Energy Progress - (NC),2713,L V Sutton Steam,NC,New Hanover,GTB,Petroleum Liquids,GT,,S,X,X,,,46878.89039,0,37.5,0.85,25,33,6,, , ,RE,X,5,1969,7,2017,48.16666667,N,Electric Utility,1,X,DFO,,,,,,,,,,,N, ,12H,,,,,,,,N,N,N,0
204,5416,"Duke Energy Carolinas, LLC",2720,Buck,NC,Rowan,7,Natural Gas Fired Combustion Turbine,GT,,S,X,X,,,94062.33113,0,34.8, ,25,30, ,N, , ,RE,X,7,1970,10,2012,42.25,N,Electric Utility,1,X,NG,DFO,,,,,,,,,N,N, ,,,,,,,,,,N,Y,1
205,5416,"Duke Energy Carolinas, LLC",2720,Buck,NC,Rowan,8,Natural Gas Fired Combustion Turbine,GT,,S,X,X,,,94062.33113,0,34.8, ,25,30, ,N, , ,RE,X,7,1970,10,2012,42.25,N,Electric Utility,1,X,NG,DFO,,,,,,,,,N,N, ,,,,,,,,,,N,Y,1
206,5416,"Duke Energy Carolinas, LLC",2720,Buck,NC,Rowan,9,Natural Gas Fired Combustion Turbine,GT,,S,X,X,,,94062.33113,0,34.8, ,12,15, ,, , ,RE,X,7,1970,10,2012,42.25,N,Electric Utility,1,X,NG,DFO,,,,,,,,,N,, ,,,,,,,,,,N,Y,1
207,19876,Virginia Electric & Power Co,2757,Kitty Hawk,NC,Dare,GT1,Petroleum Liquids,GT,,S,X,X,,,22409.09091,0,23.8, ,16,23, ,, , ,RE,X,3,1971,12,2011,40.75,N,Electric Utility,1,X,DFO,,,,,,,,,,,, ,,,,,,,,,,,,0
208,19876,Virginia Electric & Power Co,2757,Kitty Hawk,NC,Dare,GT2,Petroleum Liquids,GT,,S,X,X,,,22409.09091,0,23.8, ,15,22, ,, , ,RE,X,6,1971,12,2011,40.5,N,Electric Utility,1,X,DFO,,,,,,,,,,,, ,,,,,,,,,,,,0
209,12199,Montana-Dakota Utilities Co,2791,Williston,ND,Williams,2,Natural Gas Fired Combustion Turbine,GT,,S,X,X,,,167000,0,5, ,4.7,5.2, ,N, , ,RE,X,11,1953,1,2012,58.16666667,N,Electric Utility,1,X,NG,,,,,,,,,,N,, ,,,,,,,,,,,,0
210,12199,Montana-Dakota Utilities Co,2791,Williston,ND,Williams,3,Natural Gas Fired Combustion Turbine,GT,,S,X,X,,,167000,0,5, ,4.9,5.4, ,N, , ,RE,X,12,1953,1,2012,58.08333333,N,Electric Utility,1,X,NG,,,,,,,,,,N,, ,,,,,,,,,,,,0
211,3542,Duke Energy Ohio Inc,2830,Walter C Beckjord,OH,Clermont,GT1,Petroleum Liquids,GT,,S,X,X,,,26483.27025,0,52.9,0.9,47,61,10,, , ,RE,X,4,1972,12,2014,42.66666667,N,Electric Utility,1,X,DFO,,,,,,,,,,N,N, ,1H,,,,,,,,,N,N,0
212,3542,Duke Energy Ohio Inc,2830,Walter C Beckjord,OH,Clermont,GT2,Petroleum Liquids,GT,,S,X,X,,,26483.27025,0,52.9,0.9,47,61,10,, , ,RE,X,4,1972,12,2014,42.66666667,N,Electric Utility,1,X,DFO,,,,,,,,,,N,N, ,1H,,,,,,,,,N,N,0
213,3542,Duke Energy Ohio Inc,2830,Walter C Beckjord,OH,Clermont,GT3,Petroleum Liquids,GT,,S,X,X,,,26483.27025,0,52.9,0.9,47,61,10,, , ,RE,X,6,1972,12,2014,42.5,N,Electric Utility,1,X,DFO,,,,,,,,,,N,N, ,1H,,,,,,,,,N,N,0
214,3542,Duke Energy Ohio Inc,2830,Walter C Beckjord,OH,Clermont,GT4,Petroleum Liquids,GT,,S,X,X,,,26483.27025,0,52.9,0.9,47,61,10,, , ,RE,X,6,1972,12,2014,42.5,N,Electric Utility,1,X,DFO,,,,,,,,,,N,N, ,1H,,,,,,,,,N,N,0
215,14165,"GenOn Power Midwest, LP",2836,Avon Lake,OH,Lorain,10,Petroleum Liquids,GT,,S,X,X,106856941,AVONLAK2 14 KV G10,27991.09131,0,32.1,0.85,25,30,25,N, , ,RE,X,1,1968,3,2022,54.16666667,N,IPP Non-CHP,2,X,DFO,,,,,,,,,,N,, ,1H,,,,,,,,N,,,0
216,17891,City of St Marys - (OH),2942,St Marys,OH,Auglaize,AUX,Petroleum Liquids,GT,,S,X,X,,,21064.99116,0,0.8, ,0.8,0.8, ,N, , ,RE,X,9,1967,12,2007,40.25,N,Electric Utility,1,X,DFO,,,,,,,,,,N,N, ,,,,,,,,,N,N,,0
217,14063,Oklahoma Gas & Electric Co,2956,Seminole,OK,Seminole,GT1,Natural Gas Fired Combustion Turbine,GT,,S,X,X,OKGESMGT,OKGESMGT,12467.48466,0,23,0.9, , ,0,N, , ,RE,X,5,1971,12,2015,44.58333333,N,Electric Utility,1,X,NG,DFO,,,,,,,,,N,N, ,1H,,,,,,,,N,N,N,0
218,15474,Public Service Co of Oklahoma,2966,Weleetka,OK,Okfuskee,6,Natural Gas Fired Combustion Turbine,GT,,S,X,X,,,14007.61237,0,53,0.9,55,66,50,N, , ,RE,X,9,1976,3,2019,42.5,N,Electric Utility,1,X,NG,DFO,,,,,,,,,N,N, ,1H,,,,,,,,N,,N,0
219,63032,"Brunot Island Power, LLC",3096,Brunot Island,PA,Allegheny,1B,Petroleum Liquids,GT,,S,X,X,38367981,38367981,20549.4396,0,25.5,0.85,15,15,15,N, , ,RE,X,3,1972,5,2014,42.16666667,N,IPP Non-CHP,2,X,DFO,,,,,,,,,,N,N, ,1H,,,,,,,,N,N,N,0
220,63032,"Brunot Island Power, LLC",3096,Brunot Island,PA,Allegheny,1C,Petroleum Liquids,GT,,S,X,X,38367983,38367983,20549.4396,0,25.5,0.85,15,15,15,N, , ,RE,X,3,1972,5,2014,42.16666667,N,IPP Non-CHP,2,X,DFO,,,,,,,,,,N,N, ,1H,,,,,,,,N,N,N,0
221,15276,TalenEnergy Martins Creek LLC,3139,TalenEnergy Martin Creek LLC Allentown,PA,Lehigh,CTG1,Petroleum Liquids,GT,,S,X,X,48934141,48934141,16040.96834,0,16,0.85,14,14,14,N, , ,RE,X,7,1967,6,2022,54.91666667,N,IPP Non-CHP,2,X,DFO,,,,,,,,,,N,N, ,1H,,,,,,,,N,N,N,0
222,15276,TalenEnergy Martins Creek LLC,3139,TalenEnergy Martin Creek LLC Allentown,PA,Lehigh,CTG2,Petroleum Liquids,GT,,S,X,X,48934143,48934143,16040.96834,0,16,0.85,14,14,14,N, , ,RE,X,7,1967,6,2022,54.91666667,N,IPP Non-CHP,2,X,DFO,,,,,,,,,,N,N, ,1H,,,,,,,,N,N,N,0
223,15276,TalenEnergy Martins Creek LLC,3139,TalenEnergy Martin Creek LLC Allentown,PA,Lehigh,CTG3,Petroleum Liquids,GT,,S,X,X,48934145,48934145,16040.96834,0,16,0.85,14,14,14,N, , ,RE,X,7,1967,6,2022,54.91666667,N,IPP Non-CHP,2,X,DFO,,,,,,,,,,N,N, ,1H,,,,,,,,N,N,N,0
224,15276,TalenEnergy Martins Creek LLC,3139,TalenEnergy Martin Creek LLC Allentown,PA,Lehigh,CTG4,Petroleum Liquids,GT,,S,X,X,48934147,48934147,16040.96834,0,16,0.85,14,14,14,N, , ,RE,X,7,1967,6,2022,54.91666667,N,IPP Non-CHP,2,X,DFO,,,,,,,,,,N,N, ,1H,,,,,,,,N,N,N,0
225,15276,TalenEnergy Martins Creek LLC,3142,TalenEnergy Martins Creek LLC Fishbach,PA,Schuylkill,UNT1,Petroleum Liquids,GT,,S,X,X,50598,50598,14310.67961,0,18.5,0.85,14,14,14,N, , ,RE,X,8,1969,4,2022,52.66666667,N,IPP Non-CHP,2,X,DFO,,,,,,,,,,N,N, ,1H,,,,,,,,N,N,N,0
226,15276,TalenEnergy Martins Creek LLC,3142,TalenEnergy Martins Creek LLC Fishbach,PA,Schuylkill,UNT2,Petroleum Liquids,GT,,S,X,X,50599,50599,14310.67961,0,18.5,0.85,14,14,14,N, , ,RE,X,8,1969,4,2022,52.66666667,N,IPP Non-CHP,2,X,DFO,,,,,,,,,,N,N, ,1H,,,,,,,,N,N,N,0
227,15276,TalenEnergy Martins Creek LLC,3143,TalenEnergy Martins Creek LLC Harrisburg,PA,Dauphin,CTG1,Petroleum Liquids,GT,,S,X,X,48934149,48934149,16051.77758,0,16,0.85,13.4,13.4,13.4,N, , ,RE,X,3,1967,6,2022,55.25,N,IPP Non-CHP,2,X,DFO,,,,,,,,,,N,N, ,1H,,,,,,,,N,N,N,0
228,15276,TalenEnergy Martins Creek LLC,3143,TalenEnergy Martins Creek LLC Harrisburg,PA,Dauphin,CTG2,Petroleum Liquids,GT,,S,X,X,48934151,48934151,16051.77758,0,16,0.85,13.9,13.9,13.9,N, , ,RE,X,3,1967,6,2022,55.25,N,IPP Non-CHP,2,X,DFO,,,,,,,,,,N,N, ,1H,,,,,,,,N,N,N,0
229,15276,TalenEnergy Martins Creek LLC,3143,TalenEnergy Martins Creek LLC Harrisburg,PA,Dauphin,CTG3,Petroleum Liquids,GT,,S,X,X,48934153,48934153,16051.77758,0,16,0.85,13.8,13.8,13.8,N, , ,RE,X,3,1967,6,2022,55.25,N,IPP Non-CHP,2,X,DFO,,,,,,,,,,N,N, ,1H,,,,,,,,N,N,N,0
230,15276,TalenEnergy Martins Creek LLC,3143,TalenEnergy Martins Creek LLC Harrisburg,PA,Dauphin,CTG4,Petroleum Liquids,GT,,S,X,X,48934155,48934155,16051.77758,0,16,0.85,14,14.5,14,, , ,RE,X,3,1967,7,2016,49.33333333,N,IPP Non-CHP,2,X,DFO,,,,,,,,,,N,N, ,1H,,,,,,,,N,N,N,0
231,15276,TalenEnergy Martins Creek LLC,3144,TalenEnergy Martins Creek LLC Harwood,PA,Luzerne,CTG1,Petroleum Liquids,GT,,S,X,X,50609,50609,15866.53567,0,16,0.85,12.9,12.9,12.9,N, , ,RE,X,7,1967,6,2022,54.91666667,N,IPP Non-CHP,2,X,DFO,,,,,,,,,,N,N, ,1H,,,,,,,,N,N,N,0
232,15276,TalenEnergy Martins Creek LLC,3144,TalenEnergy Martins Creek LLC Harwood,PA,Luzerne,CTG2,Petroleum Liquids,GT,,S,X,X,50610,50610,15866.53567,0,16,0.85,12.3,12.3,12.3,N, , ,RE,X,7,1967,6,2022,54.91666667,N,IPP Non-CHP,2,X,DFO,,,,,,,,,,N,N, ,1H,,,,,,,,N,N,N,0
233,15276,TalenEnergy Martins Creek LLC,3146,TalenEnergy Martins Creek LLC Jenkins,PA,Luzerne,CTG1,Petroleum Liquids,GT,,S,X,X,50613,50613,16399.23534,0,16,0.85,13.8,13.8,13.8,N, , ,RE,X,8,1969,4,2022,52.66666667,N,IPP Non-CHP,2,X,DFO,,,,,,,,,,N,N, ,1H,,,,,,,,N,N,N,0
234,15276,TalenEnergy Martins Creek LLC,3146,TalenEnergy Martins Creek LLC Jenkins,PA,Luzerne,CTG2,Petroleum Liquids,GT,,S,X,X,50614,50614,16399.23534,0,16,0.85,13.8,13.8,13.8,N, , ,RE,X,7,1969,4,2022,52.75,N,IPP Non-CHP,2,X,DFO,,,,,,,,,,N,N, ,1H,,,,,,,,N,N,N,0
235,15276,TalenEnergy Martins Creek LLC,3147,TalenEnergy Martins Creek LLC Lock Haven,PA,Lycoming,CTG,Petroleum Liquids,GT,,S,X,X,50616,50616,14014.38849,0,18.5,0.85,14,14,14,N, , ,RE,X,11,1969,4,2022,52.41666667,N,IPP Non-CHP,2,X,DFO,,,,,,,,,,N,N, ,1H,,,,,,,,N,N,N,0
236,15276,TalenEnergy Martins Creek LLC,3154,TalenEnergy Martins Creek LLC West Shore,PA,Cumberland,CTG1,Petroleum Liquids,GT,,S,X,X,50656,50656,13905.38453,0,18.5,0.85,14,14,14,N, , ,RE,X,8,1969,4,2022,52.66666667,N,IPP Non-CHP,2,X,DFO,,,,,,,,,,N,N, ,1H,,,,,,,,N,N,N,0
237,15276,TalenEnergy Martins Creek LLC,3154,TalenEnergy Martins Creek LLC West Shore,PA,Cumberland,CTG2,Petroleum Liquids,GT,,S,X,X,50657,50657,13905.38453,0,18.5,0.85,14,14,14,N, , ,RE,X,8,1969,4,2022,52.66666667,N,IPP Non-CHP,2,X,DFO,,,,,,,,,,N,N, ,1H,,,,,,,,N,N,N,0
238,15276,TalenEnergy Martins Creek LLC,3155,TalenEnergy Martins Creek LLC Williamsport,PA,Lycoming,CTG1,Petroleum Liquids,GT,,S,X,X,1048046,1048046,16458.52644,0,16,0.85,13.2,13.2,13.2,N, , ,RE,X,8,1967,4,2022,54.66666667,N,IPP Non-CHP,2,X,DFO,,,,,,,,,,N,, ,1H,,,,,,,,N,N,N,0
239,15276,TalenEnergy Martins Creek LLC,3155,TalenEnergy Martins Creek LLC Williamsport,PA,Lycoming,CTG2,Petroleum Liquids,GT,,S,X,X,1048046,1048046,16458.52644,0,16,0.85,13.4,13.4,13.4,N, , ,RE,X,8,1967,4,2022,54.66666667,N,IPP Non-CHP,2,X,DFO,,,,,,,,,,N,, ,1H,,,,,,,,N,N,N,0
240,3046,Duke Energy Progress - (NC),3250,Darlington County,SC,Darlington,1,Natural Gas Fired Combustion Turbine,GT,,S,X,X,,,16029.25791,0,66.8,0.9,50,63,10,N, , ,RE,X,8,1974,3,2020,45.58333333,N,Electric Utility,1,X,NG,DFO,,,,,,,,,,N, ,1H,,,,,,,,Y,N,Y,1
241,3046,Duke Energy Progress - (NC),3250,Darlington County,SC,Darlington,10,Petroleum Liquids,GT,,S,X,X,,,16029.25791,0,65.8,0.9,49,65,10,N, , ,RE,X,8,1974,3,2020,45.58333333,N,Electric Utility,1,X,DFO,WO,,,,,,,,,,N, ,1H,,,,,,,,N,N,,0
242,3046,Duke Energy Progress - (NC),3250,Darlington County,SC,Darlington,11,Petroleum Liquids,GT,,S,X,X,,,16029.25791,0,66.8,0.9,52,67,10,, , ,RE,X,9,1974,11,2015,41.16666667,N,Electric Utility,1,X,DFO,WO,,,,,,,,,N,N, ,1H,,,,,,,,N,N,,0
243,3046,Duke Energy Progress - (NC),3250,Darlington County,SC,Darlington,2,Petroleum Liquids,GT,,S,X,X,,,16029.25791,0,65.8,0.9,48,61,10,N, , ,RE,X,8,1974,3,2020,45.58333333,N,Electric Utility,1,X,DFO,WO,,,,,,,,,N,N, ,1H,,,,,,,,N,N,,0
244,3046,Duke Energy Progress - (NC),3250,Darlington County,SC,Darlington,3,Natural Gas Fired Combustion Turbine,GT,,S,X,X,,,16029.25791,0,66.8,0.9,50,63,10,N, , ,RE,X,8,1974,3,2020,45.58333333,N,Electric Utility,1,X,NG,DFO,,,,,,,,,N,N, ,1H,,,,,,,,Y,N,Y,1
245,3046,Duke Energy Progress - (NC),3250,Darlington County,SC,Darlington,4,Petroleum Liquids,GT,,S,X,X,,,16029.25791,0,65.8,0.9,48,60,10,N, , ,RE,X,8,1974,3,2020,45.58333333,N,Electric Utility,1,X,DFO,WO,,,,,,,,,N,N, ,1H,,,,,,,,N,,N,0
246,3046,Duke Energy Progress - (NC),3250,Darlington County,SC,Darlington,5,Natural Gas Fired Combustion Turbine,GT,,S,X,X,,,16029.25791,0,66.8,0.9,51,66,10,N, , ,RE,X,3,1975,5,2018,43.16666667,N,Electric Utility,1,X,NG,DFO,,,,,,,,,N,N, ,1H,,,,,,,,Y,N,Y,1
247,3046,Duke Energy Progress - (NC),3250,Darlington County,SC,Darlington,6,Petroleum Liquids,GT,,S,X,X,,,16029.25791,0,65.8,0.9,43,62,10,N, , ,RE,X,8,1974,3,2020,45.58333333,N,Electric Utility,1,X,DFO,WO,,,,,,,,,N,N, ,1H,,,,,,,,N,N,,0
248,3046,Duke Energy Progress - (NC),3250,Darlington County,SC,Darlington,7,Natural Gas Fired Combustion Turbine,GT,,S,X,X,,,16029.25791,0,66.8,0.9,47,61,10,N, , ,RE,X,6,1975,3,2020,44.75,N,Electric Utility,1,X,NG,DFO,,,,,,,,,N,N, ,1H,,,,,,,,Y,N,Y,1
249,3046,Duke Energy Progress - (NC),3250,Darlington County,SC,Darlington,8,Petroleum Liquids,GT,,S,X,X,,,16029.25791,0,65.8,0.9,44,62,10,N, , ,RE,X,8,1974,3,2020,45.58333333,N,Electric Utility,1,X,DFO,WO,,,,,,,,,N,N, ,1H,,,,,,,,N,N,,0
250,3046,Duke Energy Progress - (NC),3250,Darlington County,SC,Darlington,9,Petroleum Liquids,GT,,S,X,X,,,16029.25791,0,66.8,0.9,50,65,10,, , ,RE,X,9,1974,6,2017,42.75,N,Electric Utility,1,X,DFO,WO,,,,,,,,,N,N, ,1H,,,,,,,,N,N,,0
251,3046,Duke Energy Progress - (NC),3251,H B Robinson,SC,Darlington,GT1,Natural Gas Fired Combustion Turbine,GT,,S,X,X,,,168224.2991,0,16.3,0.85,11,15,10,, , ,RE,X,3,1968,3,2013,45,N,Electric Utility,1,X,NG,DFO,,,,,,,,,N,N, ,,,,,,,,,,,,0
252,5416,"Duke Energy Carolinas, LLC",3264,W S Lee,SC,Anderson,4,Natural Gas Fired Combustion Turbine,GT,,S,X,X,,,26051.64864,0,35.1, ,30,30, ,, , ,RE,X,4,1978,1,2007,28.75,N,Electric Utility,1,X,NG,DFO,,,,,,,,,N,, ,,,,,,,,,Y,N,Y,1
253,5416,"Duke Energy Carolinas, LLC",3264,W S Lee,SC,Anderson,5,Natural Gas Fired Combustion Turbine,GT,,S,X,X,,,26051.64864,0,35.1, ,30,30, ,, , ,RE,X,2,1968,1,2007,38.91666667,N,Electric Utility,1,X,NG,DFO,,,,,,,,,N,, ,,,,,,,,,Y,N,Y,1
254,5416,"Duke Energy Carolinas, LLC",3264,W S Lee,SC,Anderson,6,Natural Gas Fired Combustion Turbine,GT,,S,X,X,,,26051.64864,0,35.1, ,30,30, ,, , ,RE,X,4,1968,1,2007,38.75,N,Electric Utility,1,X,NG,DFO,,,,,,,,,N,, ,,,,,,,,,,N,Y,1
255,17539,"Dominion Energy South Carolina, Inc",3277,Burton,SC,Beaufort,1,Natural Gas Fired Combustion Turbine,GT,,S,X,X,,,19711.16315,0,11.5, ,9,10, ,N, , ,RE,X,10,1961,1,2008,46.25,N,Electric Utility,1,X,NG,DFO,,,,,,,,,N,, ,,,,,,,,,,Y,Y,1
256,17539,"Dominion Energy South Carolina, Inc",3277,Burton,SC,Beaufort,2,Natural Gas Fired Combustion Turbine,GT,,S,X,X,,,19711.16315,0,11.5, ,9,10, ,N, , ,RE,X,8,1963,1,2008,44.41666667,N,Electric Utility,1,X,NG,DFO,,,,,,,,,N,, ,,,,,,,,,,Y,Y,1
257,17539,"Dominion Energy South Carolina, Inc",3277,Burton,SC,Beaufort,3,Natural Gas Fired Combustion Turbine,GT,,S,X,X,,,19711.16315,0,11.5, ,9,10, ,N, , ,RE,X,8,1963,1,2008,44.41666667,N,Electric Utility,1,X,NG,DFO,,,,,,,,,N,, ,,,,,,,,,,Y,Y,1
258,17539,"Dominion Energy South Carolina, Inc",3284,Faber Place,SC,Charleston,1,Natural Gas Fired Combustion Turbine,GT,,S,X,X,,,21133.33333,0,11.5, ,8,9, ,N, , ,RE,X,10,1961,1,2008,46.25,N,Electric Utility,1,X,NG,,,,,,,,,,N,, ,,,,,,,,,,,,0
259,17554,"South Carolina Genertg Co, Inc",3298,Williams,SC,Berkeley,1,Natural Gas Fired Combustion Turbine,GT,,S,X,X,,,22765.29367,0,26.9,0.85,20,26,5,N, , ,RE,X,6,1972,9,2022,50.25,N,Electric Utility,1,X,NG,DFO,,,,,,,,,N,N, ,1H,,,,,,,,Y,Y,Y,1
260,17554,"South Carolina Genertg Co, Inc",3298,Williams,SC,Berkeley,2,Natural Gas Fired Combustion Turbine,GT,,S,X,X,,,22765.29367,0,26.9,0.85,20,26,5,N, , ,RE,X,6,1972,9,2022,50.25,N,Electric Utility,1,X,NG,DFO,,,,,,,,,N,N, ,1H,,,,,,,,Y,Y,Y,1
261,17718,Southwestern Public Service Co,3487,Riverview,TX,Hutchinson,6,Natural Gas Fired Combustion Turbine,GT,,S,X,X,,,18044.74752,0,28.6, ,22,25, ,N, , ,RE,X,5,1974,9,2012,38.33333333,N,Electric Utility,1,X,NG,,,,,,,,,,N,, ,,,,,,,,,N,,,0
262,19876,Virginia Electric & Power Co,3803,Chesapeake,VA,Chesapeake,10,Petroleum Liquids,GT,,S,X,X,,,18361.04784,0,23.8,0.85,16,23, ,, , ,RE,X,12,1970,12,2011,41,N,Electric Utility,1,X,DFO,,,,,,,,,,N,, ,,,,,,,,,,,,0
263,19876,Virginia Electric & Power Co,3803,Chesapeake,VA,Chesapeake,7,Petroleum Liquids,GT,,S,X,X,,,18361.04784,0,23.8,0.85,16,25, ,N, , ,RE,X,12,1969,12,2011,42,N,Electric Utility,1,X,DFO,,,,,,,,,,N,, ,,,,,,,,,,,,0
264,19876,Virginia Electric & Power Co,3803,Chesapeake,VA,Chesapeake,8,Petroleum Liquids,GT,,S,X,X,,,18361.04784,0,23.8,0.85,16,26, ,, , ,RE,X,12,1969,12,2011,42,N,Electric Utility,1,X,DFO,,,,,,,,,,N,, ,,,,,,,,,,,,0
265,19876,Virginia Electric & Power Co,3803,Chesapeake,VA,Chesapeake,9,Petroleum Liquids,GT,,S,X,X,,,18361.04784,0,23.8,0.85,16,25, ,, , ,RE,X,12,1970,12,2011,41,N,Electric Utility,1,X,DFO,,,,,,,,,,N,, ,,,,,,,,,,,,0
266,19876,Virginia Electric & Power Co,3803,Chesapeake,VA,Chesapeake,GT2,Petroleum Liquids,GT,,S,X,X,,,18361.04784,0,16.3,0.85,12,17,3,N, , ,RE,X,3,1969,6,2019,50.25,N,Electric Utility,1,X,DFO,,,,,,,,,,N,, ,1H,,,,,,,,N,,,0
267,13781,Northern States Power Co - Minnesota,4014,Wheaton,WI,Chippewa,5,Petroleum Liquids,GT,,S,X,X,NSP WHEATON2 WHEATO_5_UNIT,NSP WHEATON2 WHEATO_5_UNIT,18364.59358,0,53.1,0.85,52,70,25,N, , ,RE,X,6,1973,6,2018,45,N,Electric Utility,1,X,DFO,,,,,,,,,,N,N, ,1H,,,,,,,,N,N,N,0
268,20847,Wisconsin Electric Power Co,4041,South Oak Creek,WI,Milwaukee,9,Natural Gas Fired Combustion Turbine,GT,,S,X,X,,,20422.76423,0,19.6, ,18,19, ,N, , ,RE,X,12,1968,9,2008,39.75,N,Electric Utility,1,X,NG,,,,,,,,,,N,, ,,,,,,,,,,,,0
269,20856,Wisconsin Power & Light Co,4057,Rock River,WI,Rock,3,Natural Gas Fired Combustion Turbine,GT,,S,X,X,ALTE.RORG3G3,ALTE.RORG3G3,19679.09655,0,37.5,0.85,21.2,28,7,N, , ,RE,X,8,1967,6,2020,52.83333333,N,Electric Utility,1,X,NG,,,,,,,,,,N,N, ,1H,,,,,,,,N,N,N,0
270,20856,Wisconsin Power & Light Co,4057,Rock River,WI,Rock,4,Natural Gas Fired Combustion Turbine,GT,,S,X,X,ALTE.TURTLE0R4,ALTE.TURTLE0R4,19679.09655,0,18,0.85,15.8,17.9,14.2,N, , ,RE,X,12,1968,6,2020,51.5,N,Electric Utility,1,X,NG,,,,,,,,,,N,N, ,1H,,,,,,,,N,N,N,0
271,20856,Wisconsin Power & Light Co,4057,Rock River,WI,Rock,5,Natural Gas Fired Combustion Turbine,GT,,S,X,X,ALTE.RORG5G5,ALTE.RORG5G5,19679.09655,0,56.7,0.9,48.7,58.5,30,N, , ,RE,X,6,1972,6,2020,48,N,Electric Utility,1,X,NG,,,,,,,,,,N,N, ,1H,,,,,,,,N,N,N,0
272,20856,Wisconsin Power & Light Co,4057,Rock River,WI,Rock,6,Natural Gas Fired Combustion Turbine,GT,,S,X,X,ALTE.RORG6G6,ALTE.RORG6G6,19679.09655,0,56.7,0.9,33.7,38.9,28,N, , ,RE,X,6,1972,6,2020,48,N,Electric Utility,1,X,NG,,,,,,,,,,N,N, ,1H,,,,,,,,N,N,N,0
273,20856,Wisconsin Power & Light Co,4059,Sheepskin,WI,Rock,1,Natural Gas Fired Combustion Turbine,GT,,S,X,X,ALTE.SHEEPSIN1,ALTE.SHEEPSIN1,20891.6996,0,41.7,0.9,36.4,41.7,10,N, , ,RE,X,6,1971,6,2020,49,N,Electric Utility,1,X,NG,,,,,,,,,,N,N, ,1H,,,,,,,,N,N,N,0
274,6455,"Duke Energy Florida, LLC",6046,DeBary,FL,Volusia,P1,Petroleum Liquids,GT,,S,X,X,,,14072.65896,0,66.8,0.9,54,65,20,, , ,RE,X,2,1976,12,2016,40.83333333,N,Electric Utility,1,X,DFO,,,,,,,,,,N,N, ,10M,,,,,,,,N,,,0
275,7140,Georgia Power Co,6052,Wansley,GA,Heard,5A,Petroleum Liquids,GT,,J,X,X,,,36669.29134,0,52.8,0.9,49,60,5,N, , ,RE,X,11,1980,9,2022,41.83333333,N,Electric Utility,1,X,DFO,,,,,,,,,,N,, ,1H,,,,,,,,N,,,0
276,3522,Chugach Electric Assn Inc,6293,International,AK,Anchorage,2,Natural Gas Fired Combustion Turbine,GT,,S,X,X,,,21434.52367,0,15,0.85,12.6,14.1,1,N, , ,RE,X,11,1965,8,2020,54.75,N,Electric Utility,1,X,NG,,,,,,,,,,N,N, ,1H,,,,,,,,N,,,0
277,3522,Chugach Electric Assn Inc,6293,International,AK,Anchorage,3,Natural Gas Fired Combustion Turbine,GT,,S,X,X,,,21434.52367,0,16.3,0.85,16.7,18.5,2,N, , ,RE,X,11,1969,8,2015,45.75,N,Electric Utility,1,X,NG,,,,,,,,,,N,N, ,1H,,,,,,,,N,,,0
278,4329,"Copper Valley Elec Assn, Inc",6306,Valdez,AK,Valdez Cordova,7,Petroleum Liquids,GT,,S,X,X,,,21430.10215,0,2.8,0.8,2.8,2.8,0.5,N, , ,RE,X,8,1976,1,2018,41.41666667,N,Electric Utility,1,X,DFO,,,,,,,,,,,N, ,10M,,,,,,,,N,N,N,0
279,9130,Hutchinson Utilities Comm,6358,Hutchinson Plant #2,MN,McLeod,1,Natural Gas Fired Combustion Turbine,GT,,S,X,X,GRE.HUC,GRE.HUC,15710.42743,0,25,0.8,22,24.3,5,N, , ,RE,X,3,1977,1,1999,21.83333333,N,Electric Utility,1,X,NG,,,,,,,,,,N,N, ,1H,,,,,,,,,N,N,0
280,17166,Sierra Pacific Power Co,6533,Winnemucca,NV,Humboldt,1,Natural Gas Fired Combustion Turbine,GT,,S,X,X,,,103151.8625,0,14.9, ,15,17, ,N, , ,RE,X,1,1970,1,2011,41,N,Electric Utility,1,X,NG,PG,,,,,,,,,,, ,,,,,,,,,,,,0
281,19856,City of Vineland - (NJ),6776,West Station (NJ),NJ,Cumberland,1,Petroleum Liquids,GT,,S,X,X,VINELAND 69KV WEST CT,,16141.98877,0,27,0.85,22.9,27.4,12,N, , ,RE,X,6,1972,10,2022,50.33333333,N,Electric Utility,1,X,DFO,,,,,,,,,,N,N, ,1H,,N,,,N,,,N,N,N,0
282,9417,Interstate Power and Light Co,7137,Grinnell,IA,Poweshiek,1,Natural Gas Fired Combustion Turbine,GT,,S,X,X,ALTW.GRCT1,ALTW.GRCT1,32694.37308,0,23.8,0.85,26.2,26.2,10,N, , ,RE,X,8,1990,8,2017,27,N,Electric Utility,1,X,NG,,,,,,,,,,N,N, ,1H,,,,,,,,N,N,N,0
283,9417,Interstate Power and Light Co,7137,Grinnell,IA,Poweshiek,2,Natural Gas Fired Combustion Turbine,GT,,S,X,X,ALTW.GRCT2,ALTW.GRCT2,32694.37308,0,23.8,0.85,20.9,20.9,10,N, , ,RE,X,6,1991,8,2017,26.16666667,N,Electric Utility,1,X,NG,,,,,,,,,,N,N, ,1H,,,,,,,,N,N,N,0
284,9417,Interstate Power and Light Co,7595,Red Cedar,IA,Linn,1,Natural Gas Fired Combustion Turbine,GT,,S,X,X,ALTW.RCCSRCC1,ALTW.RCCSRCC1,14172.32973,0,22.5,0.85,13,14.4,13,N, , ,RE,X,12,1996,6,2018,21.5,N,Electric Utility,1,X,NG,,,,,,,,,,N,N, ,12H,,,,,,,,N,N,N,0
285,590,City of Anaheim - (CA),7693,Anaheim GT,CA,Orange,1,Natural Gas Fired Combustion Turbine,GT,,S,X,X,,,9494.131026,0,49.2,0.85,44.5,46.5,42,N, , ,RE,X,5,1991,12,2019,28.58333333,N,Electric Utility,1,X,NG,,,,,,,,,,N,N, ,12H,,,,,,,,N,N,N,0
286,9417,Interstate Power and Light Co,7706,Agency GT,IA,Des Moines,1,Natural Gas Fired Combustion Turbine,GT,,S,X,X,,,42134.41102,0,19.7, ,15.8,18.7, ,N, , ,RE,X,1,1992,11,2010,18.83333333,N,Electric Utility,1,X,NG,DFO,,,,,,,,,N,, ,,,,,,,,,,Y,Y,1
287,9417,Interstate Power and Light Co,7706,Agency GT,IA,Des Moines,2,Natural Gas Fired Combustion Turbine,GT,,S,X,X,,,42134.41102,0,19.7, ,15.5,18.4, ,N, , ,RE,X,1,1990,11,2010,20.83333333,N,Electric Utility,1,X,NG,DFO,,,,,,,,,N,, ,,,,,,,,,,Y,Y,1
288,9417,Interstate Power and Light Co,7706,Agency GT,IA,Des Moines,3,Natural Gas Fired Combustion Turbine,GT,,S,X,X,,,42134.41102,0,19.7, ,12.2,14.5, ,N, , ,RE,X,1,1990,11,2010,20.83333333,N,Electric Utility,1,X,NG,DFO,,,,,,,,,N,, ,,,,,,,,,,Y,Y,1
289,9417,Interstate Power and Light Co,7706,Agency GT,IA,Des Moines,4,Natural Gas Fired Combustion Turbine,GT,,S,X,X,,,42134.41102,0,19.7, ,16.6,19.6, ,N, , ,RE,X,1,1990,11,2010,20.83333333,N,Electric Utility,1,X,NG,DFO,,,,,,,,,,, ,,,,,,,,,,Y,Y,1
290,16179,Rochelle Municipal Utilities,7770,1515 S Caron Road,IL,Ogle,GT1,Natural Gas Fired Combustion Turbine,GT,,S,X,X,,,38439.39394,0,4.2,0.8,3,3.5,2,N, , ,RE,X,5,2000,3,2022,21.83333333,N,Electric Utility,1,X,NG,,,,,,,,,,,, ,10M,,,,,,,,N,N,N,0
291,12159,Midwest Electric Power Inc,7858,MEPI GT Facility,IL,Massac,1,Natural Gas Fired Combustion Turbine,GT,,W,X,X,GLH.EEI7B1,GLH.EEI7B1,14868.78728,0,64.5,0.9,55,56,20,N, , ,RE,X,10,1974,8,2022,47.83333333,N,IPP Non-CHP,2,X,NG,,,,,,,,,,N,N, ,1H,,,,,,,,N,N,N,0
292,12159,Midwest Electric Power Inc,7858,MEPI GT Facility,IL,Massac,2,Natural Gas Fired Combustion Turbine,GT,,W,X,X,GLH.EEI7B1,GLH.EEI7B1,14868.78728,0,64.5,0.9,55,56,20,N, , ,RE,X,10,1974,8,2022,47.83333333,N,IPP Non-CHP,2,X,NG,,,,,,,,,,N,N, ,1H,,,,,,,,N,N,N,0
293,12159,Midwest Electric Power Inc,7858,MEPI GT Facility,IL,Massac,3,Natural Gas Fired Combustion Turbine,GT,,W,X,X,GLH.EEI7B1,GLH.EEI7B1,14868.78728,0,64.5,0.9,55,56,20,N, , ,RE,X,10,1974,8,2022,47.83333333,N,IPP Non-CHP,2,X,NG,,,,,,,,,,N,N, ,1H,,,,,,,,N,N,N,0
294,12159,Midwest Electric Power Inc,7858,MEPI GT Facility,IL,Massac,4,Natural Gas Fired Combustion Turbine,GT,,J,X,X,GLH.EEI7B1,GLH.EEI7B1,14868.78728,0,54,0.8,37,43,5,N, , ,RE,X,7,2000,8,2022,22.08333333,N,IPP Non-CHP,2,X,NG,,,,,,,,,,N,N, ,1H,,,,,,,,N,N,N,0
295,12159,Midwest Electric Power Inc,7858,MEPI GT Facility,IL,Massac,5,Natural Gas Fired Combustion Turbine,GT,,J,X,X,GLH.EEI7B1,GLH.EEI7B1,14868.78728,0,54,0.8,37,43,5,N, , ,RE,X,7,2000,8,2022,22.08333333,N,IPP Non-CHP,2,X,NG,,,,,,,,,,N,N, ,1H,,,,,,,,N,N,N,0
296,13511,New York State Elec & Gas Corp,8009,Auburn State Street,NY,Cayuga,1,Natural Gas Fired Combustion Turbine,GT,,S,X,X,24147,24147,12806.62385,0,7,0.99,5.3,7.2,5.3,N, , ,RE,X,8,2000,10,2019,19.16666667,N,Electric Utility,1,X,NG,,,,,,,,,,N,, ,1H,,,,,,,,N,,,0
297,19578,Upper Peninsula Power Company,8019,Portage,MI,Houghton,1,Petroleum Liquids,GT,,S,X,X,UPPC.PORTAGE,UPPC.PORTAGE,17874.46463,0,22.6,0.9,17.4,22.7,5,N, , ,RE,X,11,1973,11,2021,48,N,Electric Utility,1,X,DFO,,,,,,,,,,N,N, ,1H,,,,,,,,N,,,0
298,9417,Interstate Power and Light Co,8025,Montgomery,MN,Le Sueur,1,Petroleum Liquids,GT,,S,X,X,,,21248.63435,0,28.8, , , , ,N, , ,RE,X,3,1974,12,2012,38.75,N,Electric Utility,1,X,DFO,,,,,,,,,,N,, ,,,,,,,,,,,,0
299,1307,Basin Electric Power Coop,8028,Arvada,WY,Sheridan,3,Natural Gas Fired Combustion Turbine,GT,,S,X,X,,,12590.76216,0,7.5,0.8,5,6,0.5,N, , ,RE,X,9,2002,12,2021,19.25,N,Electric Utility,1,X,NG,,,,,,,,,,N,N, ,10M,,,,,,,,N,N,N,0
300,20863,Wisconsin River Power Company,8050,Juneau,WI,Juneau,31,Petroleum Liquids,GT,,S,X,X,WPS.JUNEAUC31,WPS.JUNEAUC31,16497.93388,0,16,0.85,12.6,16,12.3,N, , ,RE,X,7,2003,3,2017,13.66666667,N,Electric Utility,1,X,DFO,,,,,,,,,,N,N, ,1H,,,,,,,,N,,,0
301,4558,Cutrale Citrus Juices USA Inc,10020,Cutrale Citrus Juices USA I,FL,Lake,GEN1,Natural Gas Fired Combustion Turbine,GT,,S,X,X,,,15563.01807,1,3.5, ,3.1,3.8, ,N, , ,RE,X,12,1987,12,2010,23,Y,Industrial Non-CHP,6,T,NG,,,,,,,,,,N,N, ,,,,,,,,,,N,N,0
302,4558,Cutrale Citrus Juices USA Inc,10020,Cutrale Citrus Juices USA I,FL,Lake,GEN2,Natural Gas Fired Combustion Turbine,GT,,S,X,X,,,15563.01807,1,4.1,0.8,4.3,3.9,1.5,N, , ,RE,X,12,2010,1,2016,5.083333333,Y,Industrial Non-CHP,6,T,NG,,,,,,,,,,N,N, ,10M,,,,,,,,,N,N,0
303,7049,General Electric Aircraft Engines,10029,General Electric Aircraft Engines,MA,Essex,GEN8,Natural Gas Fired Combustion Turbine,GT,,S,X,X,,,13364.47926,1,21.1,0.8,19.1,19.1,2,N, , ,RE,X,1,1972,8,2013,41.58333333,Y,Industrial Non-CHP,6,T,NG,DFO,,,,,DFO,,,,N,N, ,1H,,,,,,,,Y,N,N,0
304,10810,LAX Airport,10048,Central Utilities Plant LAX,CA,Los Angeles,GEN1,Natural Gas Fired Combustion Turbine,GT,,S,X,X,,,5906.587746,1,4,0.97,3.5,3.5,1,N, , ,RE,X,2,1985,10,2013,28.66666667,Y,Commercial CHP,5,T,NG,,,,,,,,,,N,, ,1H,,,,,,,,,,,0
305,10810,LAX Airport,10048,Central Utilities Plant LAX,CA,Los Angeles,GEN2,Natural Gas Fired Combustion Turbine,GT,,S,X,X,,,5906.587746,1,4,0.97,3.5,3.5,1,N, , ,RE,X,2,1985,10,2013,28.66666667,Y,Commercial CHP,5,T,NG,,,,,,,,,,N,, ,1H,,,,,,,,,,,0
306,15743,Frito-Lay Inc,10110,Frito-Lay Cogen Plant,CA,Kern,GEN1,Natural Gas Fired Combustion Turbine,GT,,S,X,X,,,5024.882753,1,6,0.8,5.5,5.9,0.5,N, , ,RE,X,3,1986,9,2021,35.5,Y,Industrial CHP,7,T,NG,,,,,,,,,,N,N, ,12H,,,,,N,,,N,N,N,0
307,7726,Sharp Grossmont Hospital,10115,Grossmont Hospital,CA,San Diego,GEN1,Natural Gas Fired Combustion Turbine,GT,,S,X,X,,,5530.660016,1,0.8,0.8,0.8,0.8,0.8,N, , ,RE,X,8,1983,5,2016,32.75,Y,Commercial CHP,5,T,NG,,,,,,,,,,,, ,1H,,,,,,,,,N,,0
308,7726,Sharp Grossmont Hospital,10115,Grossmont Hospital,CA,San Diego,GEN2,Natural Gas Fired Combustion Turbine,GT,,S,X,X,,,5530.660016,1,0.8,0.8,0.8,0.8,0.8,N, , ,RE,X,8,1983,5,2016,32.75,Y,Commercial CHP,5,T,NG,,,,,,,,,,,, ,1H,,,,,,,,,,,0
309,62860,"COE Bridgewater LLC c/o Thor Equities, LLC",10122,CIP II/AR Bridgewater Holdings - NJCOE,NJ,Somerset,1,Natural Gas Fired Combustion Turbine,GT,,S,X,X,,,4691.713213,1,3.7, ,2.7,3.5, ,N, , ,RE,X,9,1993,11,2002,9.166666667,Y,Commercial CHP,5,T,NG,DFO,,,,,,,,,N,N, ,1H,,,,,N,,,N,N,N,0
310,19685,Valero Refining Co,10203,Valero Refinery Corpus Christi East,TX,Nueces,GEN1,Natural Gas Fired Combustion Turbine,GT,,S,X,X,,,4640.645709,1,20, ,17,20, ,, , ,RE,X,9,1984,7,2010,25.83333333,Y,Industrial CHP,7,T,NG,,,,,,,,,,N,, ,12H,,,,,,,,,,,0
311,19685,Valero Refining Co,10203,Valero Refinery Corpus Christi East,TX,Nueces,GEN2,Natural Gas Fired Combustion Turbine,GT,,S,X,X,,,4640.645709,1,20, ,17,20, ,, , ,RE,X,10,1984,7,2010,25.75,Y,Industrial CHP,7,T,NG,,,,,,,,,,N,, ,12H,,,,,,,,,,,0
312,29925,Enterprise Products Optg LP,10261,Enterprise Products Operating,TX,Chambers,GEN1,Natural Gas Fired Combustion Turbine,GT,,J,X,X,,,4729.472623,1,2.5,0.8,2.3,2.2,2.2,N, , ,RE,X,9,1984,1,2019,34.33333333,Y,Industrial CHP,7,T,NG,,,,,,,,,,N,N, ,12H,,,,,,,,N,N,N,0
313,29925,Enterprise Products Optg LP,10261,Enterprise Products Operating,TX,Chambers,GEN2,Natural Gas Fired Combustion Turbine,GT,,S,X,X,,,4729.472623,1,2.5,0.8,2.3,2.2,2.2,N, , ,RE,X,9,1984,1,2019,34.33333333,Y,Industrial CHP,7,T,NG,,,,,,,,,,N,N, ,12H,,,,,,,,N,N,N,0
314,327,Air Liquide Large Industries U S LP,10298,Bayou Cogen Plant,TX,Harris,GEN1,Natural Gas Fired Combustion Turbine,GT,,S,X,X,,,5265.514558,1,75,0.8,65,85,45,N, , ,RE,X,12,1984,1,2014,29.08333333,Y,Industrial CHP,7,T,NG,OG,,,,,,,,,N,, ,12H,,,,,,,,,Y,,0
315,327,Air Liquide Large Industries U S LP,10298,Bayou Cogen Plant,TX,Harris,GEN2,Natural Gas Fired Combustion Turbine,GT,,S,X,X,,,5265.514558,1,75,0.8,65,85,45,N, , ,RE,X,12,1984,9,2015,30.75,Y,Industrial CHP,7,T,NG,OG,,,,,,,,,N,, ,12H,,,,,,,,,Y,,0
316,327,Air Liquide Large Industries U S LP,10298,Bayou Cogen Plant,TX,Harris,GEN3,Natural Gas Fired Combustion Turbine,GT,,S,X,X,,,5265.514558,1,75,0.8,65,85,45,N, , ,RE,X,3,1985,9,2014,29.5,Y,Industrial CHP,7,T,NG,OG,,,,,,,,,N,, ,12H,,,,,,,,,Y,,0
317,327,Air Liquide Large Industries U S LP,10298,Bayou Cogen Plant,TX,Harris,GEN4,Natural Gas Fired Combustion Turbine,GT,,S,X,X,,,5265.514558,1,79.6,0.8,65,85,45,N, , ,RE,X,3,1985,1,2015,29.83333333,Y,Industrial CHP,7,T,NG,OG,,,,,,,,,N,, ,12H,,,,,,,,Y,Y,N,0
318,57223,Sycamore Energy LLC,10387,Sycamore Energy LLC,CA,San Diego,1,Landfill Gas,GT,,S,X,X,,,29611.9136,0,0.9,0.98,0.7,0.7, ,N, , ,RE,X,12,1989,7,2010,20.58333333,N,IPP Non-CHP,2,X,LFG,NG,,,,,,,,,N,N, ,1H,,,,,,,,N,,,0
319,57223,Sycamore Energy LLC,10387,Sycamore Energy LLC,CA,San Diego,2,Landfill Gas,GT,,S,X,X,,,29611.9136,0,0.9,0.98,0.7,0.7,0.7,N, , ,RE,X,12,1989,11,2010,20.91666667,N,IPP Non-CHP,2,X,LFG,NG,,,,,,,,,N,N, ,1H,,,,,,,,N,,,0
320,22091,New-Indy Ontario LLC,10427,New-Indy Ontario Mill,CA,San Bernardino,GEN1,Natural Gas Fired Combustion Turbine,GT,,S,X,X,,,1563.826196,1,34,0.85,34,34,1,N, , ,RE,X,6,1985,11,2019,34.41666667,Y,Industrial Non-CHP,6,T,NG,,,,,,,,,,N,N, ,12H,,,,,,,,N,N,N,0
321,6091,Exxon Mobil Refining and Supply Co.,10436,ExxonMobil Baytown Refinery,TX,Harris,GT35,Natural Gas Fired Combustion Turbine,GT,,S,X,X,,,13581.41505,1,14.5, ,12.3,14.2,12.3,N, , ,RE,X,1,1970,5,2005,35.33333333,Y,Industrial CHP,7,,NG,,,,,,,,,,,, ,OVER,,,,,,,,,N,N,0
322,6091,Exxon Mobil Refining and Supply Co.,10436,ExxonMobil Baytown Refinery,TX,Harris,GT36,Natural Gas Fired Combustion Turbine,GT,,S,X,X,,,13581.41505,1,15.2, ,12.9,14.9,12.9,N, , ,RE,X,1,1972,5,2005,33.33333333,Y,Industrial CHP,7,,NG,,,,,,,,,,,, ,OVER,,,,,,,,,N,N,0
323,6091,Exxon Mobil Refining and Supply Co.,10436,ExxonMobil Baytown Refinery,TX,Harris,GT37,Natural Gas Fired Combustion Turbine,GT,,S,X,X,,,13581.41505,1,17.2, ,14.6,16.9,14.6,N, , ,RE,X,1,1976,5,2005,29.33333333,Y,Industrial CHP,7,,NG,,,,,,,,,,,, ,OVER,,,,,,,,,N,N,0
324,11217,Los Angeles County Sanitation,10472,Puente Hills Energy Recovery,CA,Los Angeles,GEN2,Landfill Gas,GT,,S,X,X,,,37151.79472,0,2.8, ,1.1,1.1, ,N, , ,RE,X,10,1984,1,2013,28.25,N,Commercial Non-CHP,4,X,LFG,,,,,,,,,,N,, ,,,,,,,,,,,,0
325,60662,WCAC Operating Company,10635,"Corona Energy Partners, Ltd",CA,Riverside,GEN1,Natural Gas Fired Combustion Turbine,GT,,W,X,X,,,7474.541093,1,47,0.85,40,42,12,, , ,RE,X,6,1988,12,2017,29.5,Y,IPP CHP,3,T,NG,,,,,,,,,,N,N, ,12H,,,,,,,,N,N,N,0
326,20323,"Wellhead Services, Inc",10733,Santa Maria Cogen Plant,CA,Santa Barbara,GEN1,Natural Gas Fired Combustion Turbine,GT,,S,X,X,,,11093.21175,1,9,0.8,7,7,7,N, , ,RE,X,6,1989,8,2014,25.16666667,Y,IPP CHP,3,T,NG,,,,,,,,,,N,N, ,12H,,,,,,,,,,,0
327,39066,Union Carbide Corp-Texas City,50153,Texas City Plant Union Carbide,TX,Galveston,GTG,Natural Gas Fired Combustion Turbine,GT,,S,X,X,,,8196.346865,1,40,0.85,32,39,28,N, , ,RE,X,2,1996,10,2014,18.66666667,Y,Industrial CHP,7,T,NG,,,,,,NG,,,,N,N, ,1H,,,,,,,,,N,N,0
328,20541,Wheelabrator Environmental Systems,50298,Wheelabrator Lassen,CA,Shasta,GEN1,Natural Gas Fired Combustion Turbine,GT,,S,X,X,,,9837.443163,0,38.8, ,42.7,42.7, ,N, , ,RE,X,5,1983,6,2013,30.08333333,Y,IPP CHP,3,T,NG,,,,,,,,,,N,, ,,,,,,,,,,,,0
329,54736,"VESI Pomona Energy Storage, Inc.",50300,VESI Pomona,CA,Los Angeles,GEN1,Natural Gas Fired Combustion Turbine,GT,,S,X,X,SIMPSON_7_B1,SIMPSON_7_B1,8191.624827,1,46,0.95,40,42,32.4,N, , ,RE,X,12,1985,9,2019,33.75,N,IPP Non-CHP,2,X,NG,,,,,,,,,,N,N, ,1H,,,,,,,,N,N,N,0
330,54842,WM Renewable Energy LLC,50564,New Milford Gas Recovery,CT,Litchfield,GEN1,Landfill Gas,GT,,S,X,X,Zonal,Zonal,30780.83306,0,3,0.98,2.9,3.3,1,N, , ,RE,X,7,1991,9,2007,16.16666667,N,IPP Non-CHP,2,X,LFG,,,,,,,,,,N,N, ,1H,,,,,,,,N,N,N,0
331,54842,WM Renewable Energy LLC,50569,DFW Gas Recovery,TX,Denton,GEN1,Landfill Gas,GT,,S,X,X,DG_BIO2,DG_BIO2,18145.30707,0,3,0.98,2.9,3.2,1,N, , ,RE,X,5,1988,11,2022,34.5,N,IPP Non-CHP,2,X,LFG,,,,,,,,,,N,, ,1H,,,,,,,,N,N,N,0
332,54842,WM Renewable Energy LLC,50569,DFW Gas Recovery,TX,Denton,GEN2,Landfill Gas,GT,,S,X,X,DG_BIO2,DG_BIO2,18145.30707,0,3,0.98,2.9,3.2,1,N, , ,RE,X,5,1988,11,2022,34.5,N,IPP Non-CHP,2,X,LFG,,,,,,,,,,N,, ,1H,,,,,,,,N,N,N,0
333,54843,WM Illinois Renewable Energy LLC,50573,CID Gas Recovery,IL,Cook,GEN1,Landfill Gas,GT,,S,X,X,Zonal,Zonal,19599.58576,0,3,0.98,2.9,3.3,1,N, , ,RE,X,3,1989,4,2011,22.08333333,N,IPP Non-CHP,2,X,LFG,,,,,,,,,,N,, ,1H,,,,,,,,N,N,N,0
334,54843,WM Illinois Renewable Energy LLC,50575,Lake Gas Recovery,IL,Cook,GEN1,Landfill Gas,GT,,S,X,X,Zonal,Zonal,18571.04338,0,3,0.98,2.9,3.3,1,N, , ,RE,X,8,1988,10,2008,20.16666667,N,IPP Non-CHP,2,X,LFG,,,,,,,,,,N,, ,1H,,,,,,,,N,N,N,0
335,54842,WM Renewable Energy LLC,50578,Stowe Power Production Plant,PA,Montgomery,GEN1,Landfill Gas,GT,,S,X,X,MOSER PTID # 51520087,MOSER PTID # 51520087,18360.6837,0,3,0.98,2.9,3,1,N, , ,RE,X,3,1989,1,2010,20.83333333,N,IPP Non-CHP,2,X,LFG,,,,,,,,,,N,, ,1H,,,,,,,,N,,,0
336,54842,WM Renewable Energy LLC,50578,Stowe Power Production Plant,PA,Montgomery,GEN2,Landfill Gas,GT,,S,X,X,MOSER PTID # 51520087,MOSER PTID # 51520087,18360.6837,0,3,0.98,2.9,3,1,N, , ,RE,X,5,1991,11,2015,24.5,N,IPP Non-CHP,2,X,LFG,,,,,,,,,,,, ,1H,,,,,,,,N,N,N,0
337,56097,Gramercy Holdings I LLC,50846,Gramercy Holdings LLC,LA,St James,GT1,Natural Gas Fired Combustion Turbine,GT,,S,X,X,,,5899.039226,1,16,0.95,15,17,1,N, , ,RE,X,3,1969,12,2006,37.75,Y,Industrial CHP,7,T,NG,,,,,,,,,,N,N, ,12H,,,,,,,,,,,0
338,56097,Gramercy Holdings I LLC,50846,Gramercy Holdings LLC,LA,St James,GT2,Natural Gas Fired Combustion Turbine,GT,,S,X,X,,,5899.039226,1,16,0.95,15,17,1,N, , ,RE,X,4,1969,2,2010,40.83333333,Y,Industrial CHP,7,T,NG,,,,,,,,,,N,N, ,12H,,,,,,,,,,,0
339,2844,Department of the Navy,50963,Naval Hospital Medical Center,CA,San Diego,1TG,Natural Gas Fired Combustion Turbine,GT,,S,X,X,,,7499.859985,1,0.8, ,0.7,0.8, ,, , ,RE,X,9,1986,3,2003,16.5,Y,Commercial CHP,5,X,NG,DFO,,,,,,,,,,, ,,,,,,,,,,,,0
340,2844,Department of the Navy,50963,Naval Hospital Medical Center,CA,San Diego,2TG,Natural Gas Fired Combustion Turbine,GT,,S,X,X,,,7499.859985,1,0.8, ,0.7,0.8, ,, , ,RE,X,9,1986,4,2003,16.58333333,Y,Commercial CHP,5,X,NG,DFO,,,,,,,,,,, ,1H,,,,,,,,,,,0
341,2844,Department of the Navy,50963,Naval Hospital Medical Center,CA,San Diego,3TG,Natural Gas Fired Combustion Turbine,GT,,S,X,X,,,7499.859985,1,0.8, ,0.7,0.8, ,, , ,RE,X,9,1986,4,2003,16.58333333,Y,Commercial CHP,5,X,NG,DFO,,,,,,,,,,, ,,,,,,,,,,,,0
342,8683,CSL Behring LLC,52034,Bunge Oil,IL,Kankakee,1,Natural Gas Fired Combustion Turbine,GT,,S,X,X,,,6403.682722,1,3.5,0.87,2.8,4,1.9,N, , ,RE,X,1,1990,6,2017,27.41666667,Y,Industrial CHP,7,T,NG,,,,,,NG,,,,N,N, ,10M,,,,,,,,N,,N,0
343,19724,Vanderbilt University,52048,Vanderbilt University Power Plant,TN,Davidson,GT1,Natural Gas Fired Combustion Turbine,GT,,S,X,X,,,4641.90112,1,5.2,0.93,4,5,1,N, , ,RE,X,5,2002,3,2016,13.83333333,Y,Commercial CHP,5,T,NG,,,,,,NG,,,,N,N, ,1H,,,,,,,,N,N,N,0
344,54713,Chevron USA Inc,52076,McKittrick Cogen,CA,Kern,GEN1,Natural Gas Fired Combustion Turbine,GT,,S,X,X,,,16970.11379,0,3.2,0.9,3,3.2,1.5,N, , ,RE,X,10,1984,6,2012,27.66666667,Y,Industrial CHP,7,T,NG,,,,,,,,,,N,N, ,1H,,,,,,,,N,N,N,0
345,54713,Chevron USA Inc,52076,McKittrick Cogen,CA,Kern,GEN2,Natural Gas Fired Combustion Turbine,GT,,S,X,X,,,16970.11379,0,3.2,0.9,3,3.2,1.5,N, , ,RE,X,10,1984,6,2012,27.66666667,Y,Industrial CHP,7,T,NG,,,,,,,,,,N,N, ,1H,,,,,,,,N,N,N,0
346,54713,Chevron USA Inc,52076,McKittrick Cogen,CA,Kern,GEN3,Natural Gas Fired Combustion Turbine,GT,,S,X,X,,,16970.11379,0,3.2,0.9,3,3.2,1.5,N, , ,RE,X,10,1984,6,2012,27.66666667,Y,Industrial CHP,7,T,NG,,,,,,,,,,N,N, ,1H,,,,,,,,N,N,N,0
347,164,AERA Energy LLC,52077,Lost Hills Cogeneration Plant,CA,Kern,GEN4,Natural Gas Fired Combustion Turbine,GT,,S,X,X,,,4480.218724,1,3.5,0.9,2.7,3,2.5,N, , ,RE,X,10,1985,4,2021,35.5,Y,Industrial CHP,7,T,NG,,,,,,,,,,N,N, ,1H,,,,,,,,N,N,N,0
348,54713,Chevron USA Inc,52094,Kern River Fee A Cogen,CA,Kern,GEN1,Natural Gas Fired Combustion Turbine,GT,,S,X,X,,,14307.06202,0,3.7,0.9,3.2,3.4,1.5,N, , ,RE,X,6,1986,3,2011,24.75,Y,Industrial CHP,7,T,NG,,,,,,,,,,N,N, ,1H,,,,,,,,N,N,N,0
349,54713,Chevron USA Inc,52094,Kern River Fee A Cogen,CA,Kern,GEN2,Natural Gas Fired Combustion Turbine,GT,,S,X,X,,,14307.06202,0,3.7,0.9,3.2,3.4,1.5,N, , ,RE,X,6,1986,3,2011,24.75,Y,Industrial CHP,7,T,NG,,,,,,,,,,N,, ,1H,,,,,,,,N,N,N,0
350,54713,Chevron USA Inc,52095,Kern River Fee C Cogen,CA,Kern,GEN1,Natural Gas Fired Combustion Turbine,GT,,S,X,X,,,14126.77381,0,4.2,0.9,3.2,3.4,2,N, , ,RE,X,2,1987,3,2011,24.08333333,Y,Industrial CHP,7,T,NG,,,,,,,,,,N,N, ,1H,,,,,,,,N,N,N,0
351,54713,Chevron USA Inc,52095,Kern River Fee C Cogen,CA,Kern,GEN2,Natural Gas Fired Combustion Turbine,GT,,S,X,X,,,14126.77381,0,3.7,0.9,3.2,3.4,2,N, , ,RE,X,2,1987,3,2011,24.08333333,Y,Industrial CHP,7,T,NG,,,,,,,,,,N,, ,1H,,,,,,,,N,N,N,0
352,56605,Delaware City Refining Company LLC,52193,Delaware City Plant,DE,New Castle,FGTG,Natural Gas Fired Combustion Turbine,GT,,S,X,X,Motiva,Motiva,15420.7279,1,1.2,1,1,1,1,N, , ,RE,X,9,1980,10,1997,17.08333333,Y,Industrial CHP,7,T,NG,,,,,,,,,,,, ,OVER,,,,,,,,N,N,,0
353,57224,MM West Covina Energy LLC,54015,MM West Covina,CA,Los Angeles,GEN3,Landfill Gas,GT,,S,X,X,,,14316.68424,0,4.9,0.98,4.4,4.4,3.9,N, , ,RE,X,4,1999,12,2018,19.66666667,N,IPP Non-CHP,2,X,LFG,,,,,,,,,,N,, ,1H,,,,,,,,N,,,0
354,9312,IPC-Mansfield Mill,54091,Mansfield Mill,LA,DeSoto,GEN4,Natural Gas Fired Combustion Turbine,GT,,S,X,X,,,6499.4313,1,25,0.9,29.5,29.5,10,N, , ,RE,X,8,1995,5,2019,23.75,Y,Industrial CHP,7,T,NG,,,,,,,,,,N,, ,1H,,,,,,,,N,,,0
355,6564,Formosa Plastics Corp,54518,Formosa Plastics,LA,East Baton Rouge,GT1,Natural Gas Fired Combustion Turbine,GT,,S,X,X,EES.FORMOS_LD,,13460.42543,1,38.2, ,33,37, ,N, , ,RE,X,3,1985,1,2010,24.83333333,Y,Industrial CHP,7,T,NG,,,,,,,,,,N,, ,,,,,,,,,N,N,,0
356,57139,W&T Offshore Inc,54730,Yellowhammer Gas Plant,AL,MOBILE,701,Natural Gas Fired Combustion Turbine,GT,,S,X,X,,,18030.51549,0,3.4,0.8,3,3,1,N, , ,RE,X,3,1992,1,2021,28.83333333,N,Industrial Non-CHP,6,X,NG,,,,,,,,,,N,N, ,10M,,,,,,,,N,N,N,0
357,28473,Harvest Midstream Co,54814,Milagro Cogeneration Plant,NM,San Juan,GENA,Natural Gas Fired Combustion Turbine,GT,,S,X,X,,,4862.114911,1,30.4,0.9,30.4,30.4,26,N, , ,RE,X,9,1981,3,2016,34.5,Y,IPP CHP,3,T,NG,,,,,,,,,,N,N, ,1H,,,,,,,,,N,N,0
358,28473,Harvest Midstream Co,54814,Milagro Cogeneration Plant,NM,San Juan,GENB,Natural Gas Fired Combustion Turbine,GT,,S,X,X,,,4862.114911,1,30.4,0.9,30.4,30.4,26,N, , ,RE,X,9,1981,3,2016,34.5,Y,IPP CHP,3,T,NG,,,,,,,,,,N,N, ,1H,,,,,,,,,N,N,0
359,28473,Harvest Midstream Co,54814,Milagro Cogeneration Plant,NM,San Juan,GO1A,Natural Gas Fired Combustion Turbine,GT,,S,X,X,,,4862.114911,1,30.4,0.9,30.4,30.4,26,N, , ,RE,X,2,1996,3,2016,20.08333333,Y,IPP CHP,3,T,NG,,,,,,,,,,N,N, ,1H,,,,,,,,,N,N,0
360,28473,Harvest Midstream Co,54814,Milagro Cogeneration Plant,NM,San Juan,GO1B,Natural Gas Fired Combustion Turbine,GT,,S,X,X,,,4862.114911,1,30.4,0.9,30.4,30.4,26,N, , ,RE,X,2,1996,3,2016,20.08333333,Y,IPP CHP,3,T,NG,,,,,,,,,,N,, ,1H,,,,,,,,,N,N,0
361,12619,Milwaukee Metro Sewerage Dist,54851,MMSD Jones Island Wastewater,WI,Milwaukee,GEN2,Natural Gas Fired Combustion Turbine,GT,,S,X,X,,,6256.696245,1,17.5,0.8,13,15,2,N, , ,RE,X,1,1971,7,2013,42.5,Y,Commercial CHP,5,T,NG,DFO,,,,,,,,,N,N, ,1H,,,,,,,,Y,Y,Y,1
362,11820,Massachusetts Inst of Tech,54907,Mass Inst Tech Cntrl Utilities/Cogen Plt,MA,Middlesex,CTG1,Natural Gas Fired Combustion Turbine,GT,,S,X,X,,,13962.19437,1,21.2,0.9,19,23,14,N, , ,RE,X,6,1995,4,2021,25.83333333,Y,Commercial CHP,5,T,NG,DFO,,,,,NG,,,,N,N, ,1H,,,,,,,,Y,N,Y,1
363,22331,Salem Energy Systems LLC,54984,Salem Energy Systems LLC,NC,Forsyth,UNT1,Landfill Gas,GT,,S,X,X,,,15231.72768,0,4.5,0.8,3.3,3.6,1.1,N, , ,RE,X,7,1996,11,2017,21.33333333,N,IPP Non-CHP,2,X,LFG,,,,,,DFO,,,,N,N, ,1H,,,,,N,,,N,N,N,0
364,54843,WM Illinois Renewable Energy LLC,55014,Greene Valley Gas Recovery,IL,DuPage,GEN3,Landfill Gas,GT,,S,X,X,Zonal,Zonal,17955.11865,0,3.3,0.98,2.9,3.3,1,N, , ,RE,X,3,1998,2,2010,11.91666667,N,IPP Non-CHP,2,X,LFG,,,,,,,,,,N,, ,1H,,,,,,,,N,N,N,0
365,23913,Borger Energy Associates LP,55064,Black Hawk Station,TX,Hutchinson,UNT2,Natural Gas Fired Combustion Turbine,GT,,S,X,X,,,8611.394507,1,126.9, ,110.7,126, ,, , ,RE,X,6,1999,11,2005,6.416666667,Y,IPP CHP,3,T,NG,,,,,,,,,,N,, ,,,,,,,,,N,N,,0
366,20323,"Wellhead Services, Inc",55538,Escondido Energy Center,CA,San Diego,GEN1,Natural Gas Fired Combustion Turbine,GT,,W,X,X,,,18340.35842,0,44, ,33.6,34.6, ,N, , ,RE,X,8,2001,1,2013,11.41666667,N,IPP Non-CHP,2,X,NG,,,,,,,,,,,N, ,10M,,,,,,,,N,,N,0
367,20323,"Wellhead Services, Inc",55875,Gates Peaker,CA,Fresno,GEN1,Natural Gas Fired Combustion Turbine,GT,,J,X,X,,,21901.22005,0,46.5,0.9,33.3,46.5,25,N, , ,RE,X,12,2001,1,2013,11.08333333,N,IPP Non-CHP,2,X,NG,,,,,,,,,,N,, ,10M,,,,,,,,,,,0
368,49840,"Waterside Power, LLC",56189,"Waterside Power, LLC",CT,Fairfield,1,Petroleum Liquids,GT,,S,X,X,,,11905.26267,0,23.2,0.85,23.2,22.7,15,N, , ,RE,X,6,2003,5,2004,0.916666667,N,IPP Non-CHP,2,X,DFO,,,,,,,,,,N,N, ,1H,,,,,,,,,N,N,0
369,49840,"Waterside Power, LLC",56189,"Waterside Power, LLC",CT,Fairfield,2,Petroleum Liquids,GT,,S,X,X,,,11905.26267,0,23.2,0.85,23.2,22.7,15,N, , ,RE,X,6,2003,5,2004,0.916666667,N,IPP Non-CHP,2,X,DFO,,,,,,,,,,N,N, ,1H,,,,,,,,,N,N,0
370,49840,"Waterside Power, LLC",56189,"Waterside Power, LLC",CT,Fairfield,6,Petroleum Liquids,GT,,S,X,X,,,11905.26267,0,23.2, ,23.2,22.7, ,N, , ,RE,X,5,2004,2,2006,1.75,N,IPP Non-CHP,2,X,DFO,,,,,,,,,,N,, ,,,,,,,,,N,N,N,0
371,1015,Austin Energy,56373,Domain Integrated Energy System,TX,Travis,DOMG1,Natural Gas Fired Combustion Turbine,GT,,S,X,X,,,13515.19502,1,5, ,5,5, ,N, , ,RE,X,6,2004,2,2013,8.666666667,Y,Electric Utility,1,T,NG,,,,,,,,,,N,, ,,,,,,,,,N,N,N,0
372,55917,National Institutes of Health,56668,NIH Cogeneration Facility,MD,Montgomery,CGTG,Natural Gas Fired Combustion Turbine,GT,,S,X,X,,,12058.62453,1,22,1,21.3,22.3,19,N, , ,RE,X,7,2004,10,2018,14.25,Y,Commercial Non-CHP,4,T,NG,,,,,,,,,,N,N, ,12H,,,,,N,,,N,,,0